date,Open,High,Low,Close,Adj Close,Volume,P_mean,P_sum,twt_count
20-02-2017,1092.95,1109.5,1035,1095.9,1095.9,617565,-0.22951,-1106,4819
21-02-2017,1092.2,1105.95,1085,1095.9,1095.9,335482,-0.17078,-339,1985
22-02-2017,1095,1104.15,1065,1076.25,1076.25,1000632,-0.17774,-214,1204
23-02-2017,1083,1099,1066.5,1068.2,1068.2,1196177,-0.20051,-237,1182
27-02-2017,1070.85,1104,1069,1091.6,1091.6,1223440,-0.17517,-230,1313
28-02-2017,1097.75,1119,1096,1108.2,1108.2,1257475,-0.1718,-184,1071
01-03-2017,1120,1128.9,1070.6,1075.85,1075.85,2045087,-0.18086,-155,857
02-03-2017,1083,1089.6,1019.1,1048.75,1048.75,2587153,-0.12274,-68,554
03-03-2017,1047.5,1056.9,1024.15,1046.25,1046.25,1185751,-0.14027,-62,442
06-03-2017,1054,1056,1026.4,1033.95,1033.95,1176084,-0.18841,-104,552
07-03-2017,1034.9,1055.8,1022.4,1052.4,1052.4,1534634,-0.18739,-107,571
08-03-2017,1057.75,1084,1049,1081.2,1081.2,1763414,-0.18027,-106,588
09-03-2017,1074.7,1095,1068,1087.2,1087.2,1391444,-0.17324,-101,583
10-03-2017,1092.5,1100,1085.1,1094.5,1094.5,748405,-0.14616,-101,691
14-03-2017,1112,1135.45,1103.4,1126.7,1126.7,1254682,-0.21003,-155,738
15-03-2017,1129,1143.2,1124.25,1134.55,1134.55,781510,-0.1504,-94,625
16-03-2017,1139.7,1178,1130.85,1163.5,1163.5,1234503,-0.1217,-60,493
17-03-2017,1170,1183.7,1151.3,1159.3,1159.3,822826,-0.07658,-51,666
20-03-2017,1165,1192.3,1142.75,1172.55,1172.55,978371,-0.15854,-91,574
21-03-2017,1172.05,1184.95,1146,1174.55,1174.55,2284752,-0.21248,-109,513
22-03-2017,1155.1,1167.95,1150,1159.7,1159.7,691551,-0.14833,-62,418
23-03-2017,1161.5,1191.7,1161.5,1185.75,1185.75,873741,-0.14742,-60,407
24-03-2017,1190.4,1198,1170.55,1177.05,1177.05,668010,-0.10468,-38,363
27-03-2017,1177,1189,1171,1185,1185,479265,-0.12771,-53,415
28-03-2017,1194,1206,1186.75,1194.75,1194.75,809959,-0.06479,-30,463
29-03-2017,1199.4,1205,1172,1180.75,1180.75,632607,-0.08134,-34,418
30-03-2017,1180,1190.1,1173,1181.05,1181.05,657966,-0.07075,-30,424
31-03-2017,1188,1188,1167.5,1171.1,1171.1,474585,-0.03901,-19,487
03-04-2017,1170.05,1189,1162,1181.75,1181.75,473642,-0.10121,-50,494
05-04-2017,1190,1190,1165,1173.1,1173.1,680777,-0.03036,-17,560
06-04-2017,1177.8,1204.05,1165.75,1198.1,1198.1,856876,-0.08101,-32,395
07-04-2017,1198,1224,1192.2,1201.6,1201.6,1099961,-0.14552,-39,268
10-04-2017,1201.7,1252,1190,1240.75,1240.75,1046689,-0.18,-63,350
11-04-2017,1246,1274,1242,1255.95,1255.95,1142967,-0.13033,-110,844
12-04-2017,1260,1278,1248,1266.2,1266.2,1062045,-0.16336,-74,453
13-04-2017,1267.8,1292,1261,1273.9,1273.9,613348,-0.15625,-90,576
17-04-2017,1274.9,1282,1246.55,1259.55,1259.55,609476,-0.17128,-68,397
18-04-2017,1254.4,1270.7,1229.9,1236.05,1236.05,583708,-0.16475,-86,522
19-04-2017,1237.8,1252.5,1217.55,1242.95,1242.95,777297,-0.14233,-77,541
20-04-2017,1253,1258.5,1243,1252,1252,443637,-0.12533,-48,383
21-04-2017,1252,1259.9,1236.3,1246.95,1246.95,380126,-0.01379,-4,290
24-04-2017,1251.1,1275,1242.1,1271.75,1271.75,475488,-0.17485,-114,652
25-04-2017,1279,1349,1276,1341.7,1341.7,2092724,-0.0339,-22,649
26-04-2017,1345,1349.9,1301.55,1309.7,1309.7,1207320,-0.0784,-53,676
27-04-2017,1315,1315.85,1278.05,1285.7,1285.7,1627631,-0.06574,-38,578
28-04-2017,1278.05,1295,1268.75,1276.2,1276.2,1183154,-0.03561,-12,337
02-05-2017,1281.9,1286.15,1257,1268.6,1268.6,708574,-0.088,-33,375
03-05-2017,1270,1282.8,1260,1270.1,1270.1,1086778,-0.08287,-30,362
04-05-2017,1271.25,1311.9,1271.25,1296.55,1296.55,1121302,-0.040955631,-12,293
05-05-2017,1295,1303,1264.9,1274.25,1274.25,467205,-0.101167315,-26,257
08-05-2017,1270.25,1286.35,1260.5,1272,1272,471627,-0.015564202,-8,514
09-05-2017,1275,1292.9,1264.5,1286.1,1286.1,567703,-0.161198288,-339,2103
10-05-2017,1295,1331,1293.55,1327,1327,1302185,-0.141074335,-260,1843
11-05-2017,1334.95,1344.9,1318.45,1339.7,1339.7,672768,-0.081889764,-52,635
12-05-2017,1332,1339,1305,1314.75,1314.75,438863,-0.071246819,-28,393
15-05-2017,1323,1348.5,1317.65,1332.95,1332.95,634195,-0.009661836,-4,414
16-05-2017,1337.4,1358.8,1327.2,1347.75,1347.75,788530,-0.048543689,-15,309
17-05-2017,1350,1374,1297.5,1324.8,1324.8,2408302,-0.051829268,-17,328
18-05-2017,1299,1343,1296.05,1314.55,1314.55,1210985,-0.026086957,-9,345
19-05-2017,1324,1333.9,1265.55,1289.15,1289.15,1167010,-0.092696629,-33,356
22-05-2017,1299,1304,1237.35,1242.15,1242.15,873873,-0.024096386,-8,332
23-05-2017,1249.9,1265,1190.55,1233.75,1233.75,1348383,-0.091216216,-27,296
24-05-2017,1234,1254.9,1210,1224.35,1224.35,787101,-0.113846154,-37,325
25-05-2017,1230,1268,1228.25,1258.85,1258.85,905807,-0.108761329,-36,331
26-05-2017,1261.7,1326.7,1261.7,1317.8,1317.8,1306793,-0.052434457,-14,267
29-05-2017,1319.4,1333,1301.9,1307.45,1307.45,652289,-0.090047393,-19,211
30-05-2017,1305.2,1324.9,1303.7,1321.55,1321.55,513005,-0.061371841,-17,277
31-05-2017,1323,1334.9,1316.1,1326.95,1326.95,726284,-0.08,-16,200
01-06-2017,1334,1339,1320.25,1327.35,1327.35,387968,-0.097014925,-26,268
02-06-2017,1332.4,1365,1318,1361.25,1361.25,668081,-0.096069869,-22,229
05-06-2017,1368.55,1372.65,1348.05,1363.1,1363.1,570009,-0.04778157,-14,293
06-06-2017,1363.4,1367.9,1325,1336.65,1336.65,601678,0.00913242,2,219
07-06-2017,1341.1,1360,1335.1,1343.15,1343.15,550988,-0.10483871,-26,248
08-06-2017,1344.9,1372,1344.7,1361.7,1361.7,570819,-0.028469751,-8,281
09-06-2017,1358,1382,1343.7,1376.85,1376.85,530582,-0.043887147,-14,319
12-06-2017,1369.95,1383,1356.55,1364.95,1364.95,370028,-0.085972851,-19,221
13-06-2017,1374,1380,1361,1371.5,1371.5,435644,-0.013392857,-3,224
14-06-2017,1374.2,1375,1354,1361,1361,634727,-0.04954955,-11,222
15-06-2017,1361.1,1413,1352.2,1405.25,1405.25,1569774,-0.097938144,-19,194
16-06-2017,1415,1424.85,1403.3,1410.3,1410.3,824516,-0.08040201,-16,199
19-06-2017,1405.2,1421.7,1395.6,1399.85,1399.85,426223,-0.06875,-11,160
20-06-2017,1407.7,1432.9,1395.05,1409.6,1409.6,781161,-0.157303371,-28,178
21-06-2017,1404.8,1426,1401,1416.65,1416.65,449181,-0.061946903,-14,226
22-06-2017,1419,1427,1395.3,1401.8,1401.8,477586,-0.047904192,-8,167
23-06-2017,1405,1415.5,1366,1400.75,1400.75,620781,-0.043062201,-9,209
27-06-2017,1400,1400,1336.75,1349.95,1349.95,1053829,-0.036036036,-8,222
28-06-2017,1341,1377,1313.9,1372.35,1372.35,998218,-0.162650602,-27,166
29-06-2017,1379,1394.85,1366.5,1376.3,1376.3,726869,-0.080586081,-22,273
30-06-2017,1367.6,1380,1352.5,1373.1,1373.1,496260,-0.026923077,-7,260
03-07-2017,1380,1390,1366.5,1387.15,1387.15,446514,0.059659091,21,352
04-07-2017,1390,1408.75,1376.55,1379.55,1379.55,704342,-0.060465116,-13,215
05-07-2017,1375,1407,1370.1,1398.55,1398.55,643929,-0.076923077,-13,169
06-07-2017,1398.9,1413.5,1392.35,1399.3,1399.3,418130,-0.078125,-25,320
07-07-2017,1398.5,1403.6,1387.4,1391.7,1391.7,202005,-0.031007752,-8,258
10-07-2017,1451.55,1451.55,1395.1,1412.8,1412.8,150018,-0.056603774,-21,371
11-07-2017,1419.4,1431,1409.6,1419.2,1419.2,665556,0.018975332,10,527
12-07-2017,1424.5,1452,1420,1443.7,1443.7,654934,0.004504505,2,444
13-07-2017,1452,1489.5,1450.9,1485.9,1485.9,1011798,-0.028218695,-16,567
14-07-2017,1485,1508.65,1470.65,1499.4,1499.4,570522,0.022516556,17,755
17-07-2017,1504.95,1549.7,1488.05,1538.5,1538.5,947006,-0.033018868,-14,424
18-07-2017,1537.95,1545.15,1507,1512.35,1512.35,501708,-0.040677966,-12,295
19-07-2017,1519.65,1577.4,1515,1541.85,1541.85,2655273,-0.074074074,-18,243
20-07-2017,1551,1608,1547.1,1595.35,1595.35,2169635,-0.040133779,-12,299
21-07-2017,1598.9,1631.5,1585,1621.35,1621.35,1380541,-0.06097561,-15,246
24-07-2017,1633,1637.3,1587.95,1597.4,1597.4,835475,0.03562341,14,393
25-07-2017,1606.9,1632.9,1600,1627.5,1627.5,813854,-0.068493151,-20,292
26-07-2017,1636,1695.75,1630,1687.15,1687.15,1475906,-0.10041841,-24,239
27-07-2017,1704,1739.8,1671.1,1679.35,1679.35,1955562,-0.082125604,-17,207
28-07-2017,1672,1710.9,1662.55,1701.35,1701.35,926268,-0.045045045,-10,222
31-07-2017,1718,1724,1697.6,1703.1,1703.1,576928,-0.032154341,-10,311
01-08-2017,1709.9,1727.9,1706.05,1716.25,1716.25,692591,-0.004926108,-3,609
02-08-2017,1724.95,1726.2,1691.1,1707.2,1707.2,396171,-0.035343035,-34,962
03-08-2017,1714,1729,1698.05,1701.75,1701.75,775709,-0.057692308,-24,416
04-08-2017,1704.9,1730,1701.05,1723.45,1723.45,710636,-0.027088036,-12,443
07-08-2017,1735.5,1805.95,1729.6,1798.15,1798.15,1504033,-0.137624861,-124,901
08-08-2017,1813,1829.5,1772,1779.8,1779.8,1761065,-0.076855895,-88,1145
09-08-2017,1769.9,1769.9,1682.55,1697.7,1697.7,1899560,-0.105527638,-42,398
10-08-2017,1680,1689.9,1610.05,1635.6,1635.6,1835002,-0.002631579,-1,380
11-08-2017,1590,1732.6,1590,1695.4,1695.4,3505576,-0.027491409,-8,291
14-08-2017,1721.3,1742.35,1705,1710.9,1710.9,1311855,0,0,281
16-08-2017,1730,1730,1683.2,1721.35,1721.35,705754,-0.048951049,-14,286
17-08-2017,1730,1762.5,1720.5,1728.75,1728.75,729269,-0.124,-31,250
18-08-2017,1710,1722.9,1688.5,1704.95,1704.95,932335,-0.097222222,-21,216
21-08-2017,1704.95,1731,1678.55,1690.6,1690.6,1090057,-0.09009009,-20,222
22-08-2017,1708,1713.6,1662.55,1682.9,1682.9,654334,-0.086486486,-16,185
23-08-2017,1695.9,1784.7,1695.9,1779.3,1779.3,1825088,-0.050980392,-13,255
24-08-2017,1791.4,1797.7,1752.8,1760.1,1760.1,1324532,-0.036423841,-11,302
28-08-2017,1773.5,1837.4,1767,1829.95,1829.95,1347345,-0.066350711,-14,211
29-08-2017,1835,1835,1762,1773.4,1773.4,1482257,-0.051282051,-8,156
30-08-2017,1798,1819.4,1777.05,1788.05,1788.05,1064601,-0.085427136,-17,199
31-08-2017,1797.4,1805.7,1770,1781.9,1781.9,1116765,-0.058823529,-11,187
01-09-2017,1790,1807,1790,1799.95,1799.95,489396,-0.023041475,-5,217
04-09-2017,1797.95,1820,1775.55,1801.35,1801.35,658965,-0.082236842,-25,304
05-09-2017,1809.85,1815.3,1784.55,1794.4,1794.4,741229,-0.004405286,-1,227
06-09-2017,1782,1883,1777.7,1858.95,1858.95,2742892,-0.05106383,-12,235
07-09-2017,1880,1985.9,1871.15,1963.2,1963.2,4271734,-0.012820513,-4,312
08-09-2017,1970,1974.95,1881,1891.2,1891.2,2856329,0.007113821,7,984
11-09-2017,1900,1935.45,1898.05,1920.45,1920.45,1098804,0.036697248,16,436
12-09-2017,1935,1935,1886.6,1894.4,1894.4,1473997,0.034285714,12,350
13-09-2017,1895,1924.7,1895,1907.15,1907.15,810810,-0.031690141,-9,284
14-09-2017,1913,1935.5,1901,1909.9,1909.9,951870,-0.034482759,-10,290
15-09-2017,1895.6,1912.1,1881.4,1902.75,1902.75,922149,-0.053763441,-15,279
18-09-2017,1916,1929.25,1906.6,1911.65,1911.65,430947,0.009852217,4,406
19-09-2017,1924.1,1928.7,1904.05,1911.8,1911.8,598020,-0.017910448,-6,335
20-09-2017,1918.8,1918.85,1900,1904.9,1904.9,377551,0.017191977,6,349
21-09-2017,1908,1926,1871.55,1919.5,1919.5,754880,0.015364917,12,781
22-09-2017,1910,1910,1847,1863.15,1863.15,1772943,0.007425743,6,808
25-09-2017,1859.95,1859.95,1759,1796,1796,1826884,-0.049261084,-20,406
26-09-2017,1796,1862.8,1780.95,1840.1,1840.1,1044947,0.066753927,51,764
27-09-2017,1859,1859,1795.25,1806.75,1806.75,764148,-0.024604569,-14,569
28-09-2017,1817,1855,1791,1842.85,1842.85,3925555,-0.113157895,-43,380
29-09-2017,1857.95,1875,1830.35,1838.05,1838.05,1216964,-0.047058824,-20,425
03-10-2017,1860,1873.5,1831.7,1867.8,1867.8,975293,-0.061007958,-23,377
04-10-2017,1879.95,1879.95,1852,1862.65,1862.65,538069,-0.106666667,-32,300
05-10-2017,1865,1885.5,1855.4,1866.2,1866.2,398463,-0.006734007,-2,297
06-10-2017,1880,1934.55,1868.4,1923.6,1923.6,1227615,-0.019379845,-5,258
09-10-2017,1928,1954,1916,1941.3,1941.3,999574,-0.027874564,-8,287
10-10-2017,1944,1959.4,1943,1950.8,1950.8,517117,-0.065714286,-23,350
11-10-2017,1967,1967,1901.95,1923.55,1923.55,726978,-0.062015504,-16,258
12-10-2017,1940,1957.75,1923,1953.15,1953.15,1019350,0.040983607,20,488
13-10-2017,1955.1,1973.7,1948.45,1953.05,1953.05,849832,0.043373494,18,415
16-10-2017,1966,1967,1875.35,1886.3,1886.3,2652753,-0.032921811,-8,243
17-10-2017,1880.25,1902,1856.4,1867.1,1867.1,1782421,0.014005602,5,357
18-10-2017,1870,1884,1848.65,1868.5,1868.5,710046,-0.04,-17,425
19-10-2017,1872.8,1872.8,1832,1845.9,1845.9,169845,-0.007915567,-6,758
23-10-2017,1845,1856.9,1812.2,1833.75,1833.75,1011137,0.019635344,14,713
24-10-2017,1848,1848,1816,1826.05,1826.05,929872,-0.053278689,-26,488
25-10-2017,1820,1820,1713.55,1726.35,1726.35,2865279,-0.079457364,-41,516
26-10-2017,1739,1766,1700.1,1746.75,1746.75,1641262,0.015763547,16,1015
27-10-2017,1760.05,1828.65,1752.45,1819,1819,1656079,-0.046232877,-27,584
30-10-2017,1832,1836.25,1797.8,1804.3,1804.3,563901,-0.016260163,-8,492
31-10-2017,1787,1824.05,1774.55,1800.6,1800.6,764883,-0.075987842,-25,329
01-11-2017,1809.6,1819.7,1801,1806.75,1806.75,468999,-0.068027211,-30,441
02-11-2017,1815,1821.9,1802,1810.2,1810.2,458603,-0.054495913,-20,367
03-11-2017,1825,1845,1808.4,1836.95,1836.95,769995,-0.047619048,-17,357
06-11-2017,1818,1844.9,1811.8,1822,1822,583097,-0.026369168,-13,493
07-11-2017,1848,1848,1773.3,1802.55,1802.55,769590,-0.072916667,-35,480
08-11-2017,1794.55,1804.9,1771.55,1775.7,1775.7,549567,-0.014531044,-11,757
09-11-2017,1787.05,1793.4,1733,1753,1753,866349,-0.041522491,-72,1734
10-11-2017,1731.1,1769,1731.1,1745,1745,805954,-0.050997783,-69,1353
13-11-2017,1759.95,1759.95,1718.5,1728.75,1728.75,544530,0.013157895,10,760
14-11-2017,1731,1769.9,1720.2,1754.9,1754.9,633554,-0.024074074,-13,540
15-11-2017,1762.1,1763.95,1707.05,1713.8,1713.8,926465,0.009070295,4,441
16-11-2017,1725,1780.2,1716.5,1764.25,1764.25,901089,-0.051724138,-18,348
17-11-2017,1790,1817,1778.1,1787.35,1787.35,943939,-0.063432836,-17,268
20-11-2017,1786.8,1807.5,1770.05,1805.25,1805.25,602115,-0.090666667,-34,375
21-11-2017,1819,1822.75,1791.25,1809.75,1809.75,495585,0.018442623,9,488
22-11-2017,1816.7,1816.7,1768.55,1773.95,1773.95,738204,-0.072289157,-24,332
23-11-2017,1777,1782.45,1747,1763.65,1763.65,587412,-0.080851064,-38,470
24-11-2017,1773,1798.3,1764,1790,1790,572947,-0.052369077,-21,401
27-11-2017,1780,1784.3,1765,1773.25,1773.25,573099,-0.060773481,-22,362
28-11-2017,1772,1783.95,1762.5,1766.4,1766.4,552962,-0.059405941,-18,303
29-11-2017,1765,1777.95,1751,1756.3,1756.3,687118,-0.035598706,-11,309
30-11-2017,1754.85,1759.4,1722.35,1727.05,1727.05,1304556,-0.029023747,-11,379
01-12-2017,1737,1741.8,1705.3,1711.6,1711.6,601822,-0.118243243,-35,296
04-12-2017,1724,1724,1670.15,1675.95,1675.95,802041,-0.107305936,-47,438
05-12-2017,1675.95,1719,1661.05,1707.4,1707.4,1109920,-0.035714286,-16,448
06-12-2017,1699.95,1714.9,1662.5,1671.45,1671.45,933213,-0.007263923,-3,413
07-12-2017,1685,1690.15,1661,1676.3,1676.3,986167,-0.065830721,-21,319
08-12-2017,1685,1708.2,1683.3,1702.25,1702.25,767714,-0.026128266,-11,421
11-12-2017,1710,1720,1690.2,1707.8,1707.8,616189,-0.105849582,-38,359
12-12-2017,1705,1716,1690.1,1699.25,1699.25,1051828,-0.064285714,-18,280
13-12-2017,1694.75,1700.75,1661,1671.8,1671.8,932378,-0.077205882,-21,272
14-12-2017,1675,1698.9,1627.05,1685.85,1685.85,1257072,-0.091254753,-24,263
15-12-2017,1700,1739.7,1692,1729.6,1729.6,1507279,-0.068669528,-16,233
18-12-2017,1726,1773,1653.2,1756.85,1756.85,1630170,-0.087349398,-29,332
19-12-2017,1766,1770.85,1739.05,1757.75,1757.75,707467,-0.087136929,-21,241
20-12-2017,1765,1785,1750,1770.4,1770.4,957893,-0.061946903,-21,339
21-12-2017,1774.95,1774.95,1743.35,1748.05,1748.05,896398,-0.096875,-31,320
22-12-2017,1756,1788.4,1750,1782.45,1782.45,662716,-0.115702479,-28,242
26-12-2017,1784.7,1795,1774.2,1789.5,1789.5,494224,-0.152249135,-44,289
27-12-2017,1797.2,1797.6,1762,1770.95,1770.95,450413,-0.097014925,-26,268
28-12-2017,1780,1782,1745.5,1755.15,1755.15,886376,-0.035031847,-11,314
29-12-2017,1749.25,1765.9,1748.15,1756.7,1756.7,447507,-0.050632911,-12,237
01-01-2018,1759.5,1760,1720.4,1725.65,1725.65,535319,-0.153005464,-28,183
02-01-2018,1739.7,1739.7,1710,1724.65,1724.65,576208,-0.150485437,-31,206
03-01-2018,1727,1738.35,1711,1715.3,1715.3,416136,-0.072519084,-19,262
04-01-2018,1725,1758.25,1714,1754,1754,730147,-0.111464968,-35,314
05-01-2018,1766,1821,1759.1,1814.5,1814.5,984327,-0.029739777,-8,269
08-01-2018,1820,1843,1820,1836.85,1836.85,825022,-0.069105691,-17,246
09-01-2018,1843,1843,1810,1819.5,1819.5,512721,-0.077253219,-18,233
10-01-2018,1820,1820.95,1794,1802.2,1802.2,406791,-0.017595308,-6,341
11-01-2018,1798,1798,1773.05,1780.35,1780.35,818471,-0.022792023,-8,351
12-01-2018,1783,1790.9,1751.15,1770.1,1770.1,606316,-0.010344828,-3,290
15-01-2018,1771,1794.9,1733,1738.15,1738.15,847037,-0.031620553,-8,253
16-01-2018,1745.8,1745.8,1684.6,1687.35,1687.35,1076581,-0.027777778,-6,216
17-01-2018,1695.1,1709.85,1665.7,1701.2,1701.2,1199501,-0.005830904,-2,343
18-01-2018,1712,1717.25,1654,1660.7,1660.7,961692,-0.055276382,-11,199
19-01-2018,1660.9,1711.25,1632.6,1701.9,1701.9,974597,-0.038235294,-13,340
22-01-2018,1714,1726,1678,1706.35,1706.35,924498,-0.101123596,-18,178
23-01-2018,1710,1718,1692.4,1708.7,1708.7,1245493,-0.055921053,-17,304
24-01-2018,1715,1746.85,1697.05,1739.15,1739.15,1441313,-0.085365854,-28,328
25-01-2018,1741,1741.9,1703.4,1710.3,1710.3,880891,-0.133956386,-43,321
29-01-2018,1711,1735.25,1710,1715.3,1715.3,643137,-0.116129032,-54,465
30-01-2018,1715,1718.95,1671,1678.4,1678.4,680104,-0.083870968,-26,310
31-01-2018,1657.45,1690,1645,1677.85,1677.85,1332225,-0.11627907,-30,258
01-02-2018,1681.8,1760,1644.75,1729.45,1729.45,1939812,-0.075601375,-22,291
02-02-2018,1708.05,1713,1620.2,1628.9,1628.9,1645045,-0.094462541,-29,307
05-02-2018,1600,1627.95,1546.5,1604.95,1604.95,1472164,-0.127020785,-55,433
06-02-2018,1530,1683.75,1511.2,1662.15,1662.15,2109416,-0.061617458,-48,779
07-02-2018,1680,1687,1620.6,1641.65,1641.65,1466983,-0.099540582,-65,653
08-02-2018,1654,1679,1638.05,1662.15,1662.15,750746,-0.080614203,-42,521
09-02-2018,1629.05,1655,1617.3,1639.4,1639.4,703720,-0.203184411,-855,4208
12-02-2018,1645,1656,1635.3,1643.8,1643.8,472115,-0.184618222,-1001,5422
14-02-2018,1654,1696.95,1651.55,1669.95,1669.95,1066036,-0.155234657,-215,1385
15-02-2018,1678.8,1711.85,1601.8,1677.05,1677.05,1177116,-0.172259508,-154,894
16-02-2018,1690,1703.95,1671.55,1675.25,1675.25,947685,-0.119153675,-107,898
19-02-2018,1675,1675,1623.55,1642.7,1642.7,695310,-0.081096849,-139,1714
20-02-2018,1654.85,1657.7,1626,1638.75,1638.75,583955,-0.057106599,-45,788
21-02-2018,1658,1658,1587.3,1596.45,1596.45,1689744,-0.030757098,-39,1268
22-02-2018,1588,1617.5,1576.45,1600.35,1600.35,1050625,-0.005628518,-6,1066
23-02-2018,1606.8,1638,1602.35,1633.4,1633.4,711474,-0.123966942,-120,968
26-02-2018,1640,1679.8,1636.5,1674.95,1674.95,1036659,-0.155299056,-148,953
27-02-2018,1676,1679.95,1651,1656.8,1656.8,605244,-0.150877193,-86,570
28-02-2018,1644,1659.6,1629,1640.25,1640.25,1756349,-0.125748503,-63,501
01-03-2018,1635,1666,1628,1659.35,1659.35,1238390,-0.099796334,-49,491
05-03-2018,1660,1660,1621,1636.95,1636.95,743779,-0.06768559,-31,458
06-03-2018,1655,1671.85,1627.6,1637.75,1637.75,944176,-0.076212471,-33,433
07-03-2018,1641,1648.65,1606,1618.35,1618.35,644577,-0.141414141,-56,396
08-03-2018,1634.95,1637.9,1594.2,1628.05,1628.05,663196,-0.060941828,-22,361
09-03-2018,1635,1667.2,1616.45,1654.2,1654.2,839718,-0.078078078,-26,333
12-03-2018,1663,1681.9,1655.05,1665.25,1665.25,486187,-0.168316832,-68,404
13-03-2018,1665.5,1698.85,1663.6,1680.7,1680.7,820802,-0.221590909,-78,352
14-03-2018,1672,1720.9,1668.25,1710.1,1710.1,848659,-0.093439364,-47,503
15-03-2018,1715.1,1739.9,1714,1726.25,1726.25,739187,-0.14953271,-48,321
16-03-2018,1712,1724.65,1681.05,1687.9,1687.9,1017699,-0.14057508,-44,313
19-03-2018,1698.9,1698.9,1627,1631.85,1631.85,848984,-0.114583333,-33,288
20-03-2018,1627,1663.1,1615.2,1657.3,1657.3,1318758,-0.141552511,-31,219
21-03-2018,1674.5,1712,1665.5,1704.55,1704.55,1131098,-0.145762712,-43,295
22-03-2018,1708,1720,1690.15,1695.6,1695.6,1153716,-0.177966102,-42,236
23-03-2018,1655,1695,1655,1685.3,1685.3,1088426,-0.071005917,-24,338
26-03-2018,1698.9,1748,1686,1741.6,1741.6,1288984,-0.126279863,-37,293
27-03-2018,1750,1798,1749.8,1772.45,1772.45,1670239,-0.086757991,-19,219
28-03-2018,1777,1793,1760.8,1767.55,1767.55,986960,-0.202941176,-69,340
02-04-2018,1769,1825,1769,1818.6,1818.6,633203,-0.182662539,-59,323
03-04-2018,1820,1840,1801.6,1834.25,1834.25,1049457,-0.088161209,-35,397
04-04-2018,1840,1869.6,1836.7,1850.2,1850.2,1793441,-0.088145897,-29,329
05-04-2018,1866,1922.1,1866,1915.6,1915.6,1385959,-0.130597015,-35,268
06-04-2018,1919,1943.5,1908.85,1937.6,1937.6,1612001,-0.12962963,-42,324
09-04-2018,1942.6,1967.75,1930.25,1944.25,1944.25,1131792,-0.050675676,-15,296
10-04-2018,1950,1952.45,1913.65,1926.05,1926.05,1013811,-0.099415205,-34,342
11-04-2018,1926,1955,1891.4,1924.65,1924.65,1188976,-0.054285714,-19,350
12-04-2018,1923.75,1942.1,1911.05,1929.35,1929.35,535354,0,0,258
13-04-2018,1931,1948.85,1907.6,1914.35,1914.35,592886,-0.005208333,-1,192
16-04-2018,1913.95,1950,1897.55,1943.3,1943.3,772723,0.02247191,6,267
17-04-2018,1959.9,1959.9,1918,1935.05,1935.05,696203,-0.100456621,-22,219
18-04-2018,1946,1950.55,1921.3,1926.85,1926.85,462905,-0.042801556,-11,257
19-04-2018,1935,1935.5,1908.15,1913.3,1913.3,632589,-0.051162791,-11,215
20-04-2018,1907.8,1907.8,1850.15,1880.4,1880.4,1226196,-0.091269841,-23,252
23-04-2018,1880,1919.75,1860.8,1899.35,1899.35,762125,0.006741573,3,445
24-04-2018,1908,1933.25,1898.6,1917.8,1917.8,784895,-0.089605735,-25,279
25-04-2018,1925.95,1938.95,1888.65,1899.85,1899.85,677675,-0.09375,-18,192
26-04-2018,1909,1915,1876.6,1892.1,1892.1,1098339,-0.112612613,-25,222
27-04-2018,1912,1915.45,1892.5,1901.15,1901.15,641591,0.017142857,6,350
30-04-2018,1924.9,1924.9,1894.8,1907.7,1907.7,647210,-0.048689139,-13,267
02-05-2018,1909,1936.75,1900,1905.1,1905.1,687083,-0.051401869,-11,214
03-05-2018,1905.05,1906.75,1862.6,1874.3,1874.3,471750,-0.094594595,-28,296
04-05-2018,1880,1893.25,1851.65,1857.4,1857.4,562177,-0.122171946,-27,221
07-05-2018,1865,1902,1856.05,1895.45,1895.45,485519,-0.016,-4,250
08-05-2018,1898.5,1898.5,1860,1868.4,1868.4,669757,-0.017482517,-5,286
09-05-2018,1875.1,1875.1,1845,1849.1,1849.1,645553,-0.064981949,-18,277
10-05-2018,1852,1861.45,1818,1837.4,1837.4,588792,-0.070539419,-17,241
11-05-2018,1845,1880.75,1828.1,1861.5,1861.5,483249,-0.089393939,-59,660
14-05-2018,1863.1,1883.95,1842.95,1864.5,1864.5,642971,-0.242612943,-1987,8190
15-05-2018,1865.25,1933.5,1854.5,1901.95,1901.95,1570302,-0.244598517,-3034,12404
16-05-2018,1892.5,1929,1872.9,1919.95,1919.95,952836,-0.229508197,-1106,4819
17-05-2018,1930,2087.8,1906.1,2066.5,2066.5,5581203,-0.170780856,-339,1985
18-05-2018,2069.9,2171.75,2065.65,2149.65,2149.65,8316734,-0.177740864,-214,1204
21-05-2018,2125,2149,2080.55,2105.45,2105.45,2376823,-0.200507614,-237,1182
22-05-2018,2111,2177.9,2110,2149.3,2149.3,1963373,-0.175171363,-230,1313
23-05-2018,2148,2148,2066.2,2078.4,2078.4,1443827,-0.171802054,-184,1071
24-05-2018,2095.5,2109.8,2068,2094.75,2094.75,840932,-0.180863477,-155,857
25-05-2018,2107,2151.9,2103.5,2116,2116,1342145,-0.122743682,-68,554
28-05-2018,2125,2138,2086.25,2094.95,2094.95,806190,-0.140271493,-62,442
29-05-2018,2105,2107,2065.05,2077.1,2077.1,727259,-0.188405797,-104,552
30-05-2018,2063.3,2130,2056.25,2118.65,2118.65,1251508,-0.187390543,-107,571
31-05-2018,2142.5,2145,2101,2109.9,2109.9,1323397,-0.180272109,-106,588
01-06-2018,2120,2120,2065.8,2077.4,2077.4,604574,-0.173241852,-101,583
04-06-2018,2090.2,2098.75,2055.3,2062.85,2062.85,513152,-0.146164978,-101,691
05-06-2018,2065,2119.55,2055,2100.6,2100.6,816879,-0.2100271,-155,738
06-06-2018,2122,2172.9,2107,2160.65,2160.65,1802977,-0.1504,-94,625
07-06-2018,2172,2197.2,2160.15,2169.45,2169.45,1489413,-0.121703854,-60,493
08-06-2018,2164.9,2219.95,2147.05,2186.85,2186.85,3039595,-0.076576577,-51,666
11-06-2018,2210,2258.5,2196.2,2250.3,2250.3,2059581,-0.158536585,-91,574
12-06-2018,2255,2277,2236,2261.25,2261.25,1655167,-0.212475634,-109,513
13-06-2018,2270,2271.6,2225.7,2231.05,2231.05,1095372,-0.148325359,-62,418
14-06-2018,2235,2252,2197,2243.25,2243.25,1321341,-0.147420147,-60,407
15-06-2018,2250,2291.55,2231.1,2283.6,2283.6,1637500,-0.104683196,-38,363
18-06-2018,2272,2296,2234.2,2243.15,2243.15,1126877,-0.127710843,-53,415
19-06-2018,2235,2281,2227.05,2270.6,2270.6,1151582,-0.064794816,-30,463
20-06-2018,2274.95,2302.1,2261.15,2267.8,2267.8,1127273,-0.081339713,-34,418
21-06-2018,2277,2288,2250.1,2257.45,2257.45,717023,-0.070754717,-30,424
22-06-2018,2267,2342,2250.55,2336.05,2336.05,1714224,-0.039014374,-19,487
25-06-2018,2342,2399,2334,2390.6,2390.6,2393535,-0.101214575,-50,494
26-06-2018,2385,2419.15,2344.55,2367.35,2367.35,2337942,-0.030357143,-17,560
27-06-2018,2379.8,2379.8,2322.55,2335.5,2335.5,1069126,-0.081012658,-32,395
28-06-2018,2337,2348,2253.8,2274.7,2274.7,1713003,-0.145522388,-39,268
29-06-2018,2282.1,2320,2270.6,2296.35,2296.35,1378421,-0.18,-63,350
02-07-2018,2300,2314.7,2281.1,2299.55,2299.55,840376,-0.130331754,-110,844
03-07-2018,2305,2334,2285.75,2321.1,2321.1,810667,-0.163355408,-74,453
04-07-2018,2333,2345,2306.55,2331.4,2331.4,916379,-0.15625,-90,576
05-07-2018,2339,2349,2322.4,2330.15,2330.15,688785,-0.171284635,-68,397
06-07-2018,2338.8,2355,2324,2345.7,2345.7,690617,-0.164750958,-86,522
09-07-2018,2359,2363.2,2337,2348.05,2348.05,551695,-0.14232902,-77,541
10-07-2018,2360,2382,2350,2366.35,2366.35,784134,-0.125326371,-48,383
11-07-2018,2365.9,2382,2345,2355.6,2355.6,594805,-0.013793103,-4,290
12-07-2018,2375,2429,2360.35,2415,2415,1396150,-0.174846626,-114,652
13-07-2018,2433.85,2475,2422.2,2468.6,2468.6,1390485,-0.033898305,-22,649
16-07-2018,2475,2499.4,2460,2472.3,2472.3,1172644,-0.078402367,-53,676
17-07-2018,2475,2492.25,2435.6,2469.15,2469.15,944686,-0.065743945,-38,578
18-07-2018,2478.2,2523.05,2471.35,2488.75,2488.75,1405478,-0.035608309,-12,337
19-07-2018,2503.9,2537,2357.5,2520.2,2520.2,4889817,-0.088,-33,375
20-07-2018,2521,2745,2486.85,2721.35,2721.35,7361274,-0.082872928,-30,362
23-07-2018,2720,2797,2717,2755.8,2755.8,3551888,-0.066666667,-28,420
24-07-2018,2749,2758,2687.25,2713.35,2713.35,2778837,-0.127020785,-55,433
25-07-2018,2727,2778.3,2692,2705.05,2705.05,1884105,-0.061617458,-48,779
26-07-2018,2695,2728.4,2654.8,2681.65,2681.65,2185905,-0.099540582,-65,653
27-07-2018,2685,2724.5,2667.05,2713.7,2713.7,958703,-0.080614203,-42,521
30-07-2018,2715.55,2722.6,2666,2678,2678,822162,-0.203184411,-855,4208
31-07-2018,2672,2708.9,2668.05,2697.9,2697.9,711174,-0.184618222,-1001,5422
01-08-2018,2715,2771.65,2702.7,2722.8,2722.8,1584541,-0.155234657,-215,1385
02-08-2018,2714.3,2726.25,2680,2683.85,2683.85,781173,-0.172259508,-154,894
03-08-2018,2700,2709,2660.25,2681.3,2681.3,741852,-0.119153675,-107,898
06-08-2018,2693.9,2707.95,2666.45,2696.25,2696.25,622905,-0.081096849,-139,1714
07-08-2018,2705,2754.5,2682,2747.35,2747.35,1166483,-0.057106599,-45,788
08-08-2018,2755.2,2819.65,2752,2813.15,2813.15,2113934,-0.030757098,-39,1268
09-08-2018,2824,2846.05,2800,2830.15,2830.15,1147083,-0.005628518,-6,1066
10-08-2018,2816,2837.4,2791.25,2808.45,2808.45,877508,-0.123966942,-120,968
13-08-2018,2807.95,2807.95,2754.2,2760.4,2760.4,809365,-0.155299056,-148,953
14-08-2018,2763.3,2837.5,2763.3,2830.2,2830.2,1051658,-0.150877193,-86,570
16-08-2018,2832,2908,2822.05,2856.6,2856.6,2229727,-0.125748503,-63,501
17-08-2018,2866,2885,2841.5,2851.2,2851.2,688133,-0.099796334,-49,491
20-08-2018,2877.95,2877.95,2836.3,2839.75,2839.75,665480,-0.06768559,-31,458
21-08-2018,2840.85,2883,2824.8,2871.8,2871.8,951549,-0.076212471,-33,433
23-08-2018,2889,2909,2871.3,2893.85,2893.85,1675920,-0.141414141,-56,396
24-08-2018,2892,2943.4,2891.05,2916.6,2916.6,1327710,-0.060941828,-22,361
27-08-2018,2939.4,2959,2925.05,2950.75,2950.75,976004,-0.078078078,-26,333
28-08-2018,2982,2982,2925.8,2932.6,2932.6,1233742,-0.168316832,-68,404
29-08-2018,2930,2994,2930,2985.5,2985.5,1402583,-0.221590909,-78,352
30-08-2018,2993.9,2993.9,2920.95,2926.75,2926.75,1452996,-0.093439364,-47,503
31-08-2018,2935,2954.85,2841.1,2856.6,2856.6,1357206,-0.14953271,-48,321
03-09-2018,2880,2880,2715.3,2724.05,2724.05,2516840,-0.14057508,-44,313
04-09-2018,2724,2777.65,2683.5,2746.3,2746.3,2606992,-0.114583333,-33,288
05-09-2018,2740.15,2764.8,2668,2716.9,2716.9,1728455,-0.141552511,-31,219
06-09-2018,2729,2731.5,2671.4,2684.1,2684.1,1147879,-0.145762712,-43,295
07-09-2018,2698.4,2751.4,2672.6,2744.2,2744.2,1264436,-0.177966102,-42,236
10-09-2018,2732,2738,2596,2615.65,2615.65,1570179,-0.071005917,-24,338
11-09-2018,2621,2668.8,2562.25,2600.75,2600.75,3357660,-0.126279863,-37,293
12-09-2018,2617.95,2636.95,2516.1,2594,2594,2682340,-0.086757991,-19,219
14-09-2018,2630.5,2683.5,2626.25,2672.2,2672.2,1795131,-0.202941176,-69,340
17-09-2018,2660,2660,2588.25,2604.6,2604.6,1455320,-0.182662539,-59,323
18-09-2018,2610,2627.45,2559,2570.4,2570.4,1449290,-0.088161209,-35,397
19-09-2018,2585,2597.7,2486.5,2499.55,2499.55,1894557,-0.088145897,-29,329
21-09-2018,2530,2557,2124.65,2379.4,2379.4,5750880,-0.130597015,-35,268
24-09-2018,2422.15,2422.45,2168.6,2260.8,2260.8,7798172,-0.12962963,-42,324
25-09-2018,2235,2330.35,2180.6,2299.2,2299.2,5537396,-0.050675676,-15,296
26-09-2018,2329,2353.95,2295.1,2315.55,2315.55,2728756,-0.099415205,-34,342
27-09-2018,2323.4,2323.4,2192.15,2204.2,2204.2,2796294,-0.054285714,-19,350
28-09-2018,2232,2248,2117,2168,2168,3831096,0,0,258
01-10-2018,2168,2233.35,2052.2,2208.5,2208.5,4821772,-0.005208333,-1,192
03-10-2018,2200,2329.95,2166.05,2232.2,2232.2,5567701,0.02247191,6,267
04-10-2018,2169,2212,2118.55,2179.15,2179.15,4002718,-0.100456621,-22,219
05-10-2018,2160,2214.6,1963.25,2023.3,2023.3,3470441,-0.042801556,-11,257
08-10-2018,1992,2090,1912.2,1974.85,1974.85,5966669,-0.051162791,-11,215
09-10-2018,1975,2115.85,1947.65,2060.85,2060.85,4859016,-0.091269841,-23,252
10-10-2018,2100,2305.7,2100,2270.95,2270.95,7235957,0.006741573,3,445
11-10-2018,2100,2230,2060,2162.1,2162.1,5467086,-0.089605735,-25,279
12-10-2018,2227.25,2320,2227.25,2287.35,2287.35,3665577,-0.09375,-18,192
15-10-2018,2319.75,2319.75,2261.1,2306.2,2306.2,2435413,-0.112612613,-25,222
16-10-2018,2325,2362,2285.25,2308.85,2308.85,2528484,0.017142857,6,350
17-10-2018,2340,2369.25,2132.85,2150.5,2150.5,3811985,-0.048689139,-13,267
19-10-2018,2150,2198,2053.95,2140.5,2140.5,4286790,-0.051401869,-11,214
22-10-2018,2188,2218.95,2091,2115.35,2115.35,3681946,-0.094594595,-28,296
23-10-2018,2095,2155.35,1997.55,2083.35,2083.35,9064775,-0.122171946,-27,221
24-10-2018,2175,2339,2160,2311.8,2311.8,10357295,-0.016,-4,250
25-10-2018,2285,2348,2256.8,2335,2335,5201159,-0.017482517,-5,286
26-10-2018,2329.95,2376.8,2278.5,2338.9,2338.9,3795831,-0.064981949,-18,277
29-10-2018,2338.9,2392,2315,2380.45,2380.45,2201145,-0.070539419,-17,241
30-10-2018,2395,2423.9,2350.35,2356.35,2356.35,2202230,-0.089393939,-59,660
31-10-2018,2367.8,2392,2306.9,2382.55,2382.55,2808812,-0.242612943,-1987,8190
01-11-2018,2391.45,2435,2372.45,2418.1,2418.1,2552134,-0.244598517,-3034,12404
02-11-2018,2443,2474.9,2365,2383.3,2383.3,2367117,-0.229508197,-1106,4819
05-11-2018,2390,2409,2332.7,2359.4,2359.4,1625999,-0.170780856,-339,1985
06-11-2018,2370,2389.9,2332.35,2339.75,2339.75,1368682,-0.177740864,-214,1204
07-11-2018,2360,2364.5,2343.7,2348.4,2348.4,171467,-0.200507614,-237,1182
09-11-2018,2349.65,2383.85,2338.25,2375.35,2375.35,1327846,-0.175171363,-230,1313
12-11-2018,2375.35,2385,2270,2277.6,2277.6,1479678,-0.171802054,-184,1071
13-11-2018,2270,2308.35,2233.1,2285,2285,2297710,-0.180863477,-155,857
14-11-2018,2299,2315,2265,2293.95,2293.95,1456146,-0.122743682,-68,554
15-11-2018,2287,2348,2285.1,2341.3,2341.3,1577115,-0.140271493,-62,442
16-11-2018,2342,2417.2,2340,2402.1,2402.1,1918873,-0.188405797,-104,552
19-11-2018,2420,2422.3,2350.3,2360.95,2360.95,1357795,-0.187390543,-107,571
20-11-2018,2365,2392.95,2345.75,2380.1,2380.1,1237702,-0.180272109,-106,588
21-11-2018,2389,2435,2361.7,2430.55,2430.55,1514725,-0.173241852,-101,583
22-11-2018,2432,2454.8,2360,2381.5,2381.5,1604279,-0.146164978,-101,691
26-11-2018,2400,2411.9,2346.95,2394.6,2394.6,1391434,-0.2100271,-155,738
27-11-2018,2395,2439.9,2375,2435.45,2435.45,1594955,-0.1504,-94,625
28-11-2018,2445.95,2449,2396.25,2412.55,2412.55,1396260,-0.121703854,-60,493
29-11-2018,2435,2517.6,2416.85,2506.5,2506.5,2861284,-0.076576577,-51,666
30-11-2018,2538,2564.4,2507.05,2537.7,2537.7,2737341,-0.158536585,-91,574
03-12-2018,2548,2555.55,2490.75,2508.65,2508.65,1115592,-0.212475634,-109,513
04-12-2018,2509,2549,2495,2543.55,2543.55,1329587,-0.148325359,-62,418
05-12-2018,2539.9,2539.9,2470.3,2494.1,2494.1,1327031,-0.147420147,-60,407
06-12-2018,2481,2494,2418,2432.4,2432.4,1317472,-0.104683196,-38,363
07-12-2018,2443,2497.75,2414.65,2486.35,2486.35,1478720,-0.127710843,-53,415
10-12-2018,2410.45,2443.9,2382.35,2395.55,2395.55,1399894,-0.064794816,-30,463
11-12-2018,2360,2446.5,2332.1,2426.75,2426.75,2189278,-0.081339713,-34,418
12-12-2018,2445,2514.9,2434.35,2493.95,2493.95,1683197,-0.070754717,-30,424
13-12-2018,2510.2,2528.95,2475,2489.1,2489.1,1713161,-0.039014374,-19,487
14-12-2018,2488.25,2512,2464.25,2486.35,2486.35,1204379,-0.101214575,-50,494
17-12-2018,2498.6,2509.9,2466.25,2474.4,2474.4,1019602,-0.030357143,-17,560
18-12-2018,2469.7,2538.2,2446.6,2532.2,2532.2,1653107,-0.081012658,-32,395
19-12-2018,2550.8,2629.1,2550.15,2596.9,2596.9,2946314,-0.145522388,-39,268
20-12-2018,2560,2609.9,2531.6,2591.4,2591.4,1467028,-0.18,-63,350
21-12-2018,2615,2623.9,2532.7,2591.25,2591.25,3042464,-0.130331754,-110,844
24-12-2018,2594,2604.85,2553,2564.9,2564.9,1050017,-0.163355408,-74,453
26-12-2018,2560,2582.95,2503.7,2567.4,2567.4,1662068,-0.15625,-90,576
27-12-2018,2598.85,2626.75,2570,2587.15,2587.15,1626301,-0.171284635,-68,397
28-12-2018,2603,2643.8,2585.95,2634.8,2634.8,1901581,-0.164750958,-86,522
31-12-2018,2656.95,2666.3,2635.6,2645.15,2645.15,1453327,-0.14232902,-77,541
01-01-2019,2645,2664,2612.1,2656.85,2656.85,917872,-0.125326371,-48,383
02-01-2019,2635.1,2662,2601.9,2614.05,2614.05,1304915,-0.013793103,-4,290
03-01-2019,2612,2648,2575.3,2586.2,2586.2,1282478,-0.174846626,-114,652
04-01-2019,2601,2611.9,2563.65,2576.05,2576.05,1051021,-0.033898305,-22,649
07-01-2019,2601,2605,2545.35,2553.6,2553.6,1024328,-0.078402367,-53,676
08-01-2019,2560,2582,2525.05,2537.05,2537.05,1233379,-0.065743945,-38,578
09-01-2019,2546,2559.8,2510,2524.35,2524.35,1093992,-0.035608309,-12,337
10-01-2019,2526,2542.45,2504.7,2514.65,2514.65,910839,-0.088,-33,375
11-01-2019,2516,2530,2488,2514.2,2514.2,818218,-0.082872928,-30,362
14-01-2019,2515.95,2552.9,2484.15,2544.8,2544.8,1021504,-0.15625,-55,352
15-01-2019,2551,2613,2551,2604.2,2604.2,1466303,-0.04046,-14,346
16-01-2019,2598.4,2612.15,2562.8,2569.85,2569.85,952597,-0.03311,-10,302
17-01-2019,2574,2586.55,2527.05,2535.9,2535.9,994183,-0.03715,-12,323
18-01-2019,2545,2555,2525.1,2542.9,2542.9,753775,-0.08741,-25,286
21-01-2019,2548,2606,2526.6,2594.2,2594.2,1332159,-0.10606,-28,264
22-01-2019,2585,2635,2575,2621.9,2621.9,1474713,-0.01875,-6,320
23-01-2019,2619,2653,2611,2634.35,2634.35,992504,0.013468,4,297
24-01-2019,2639,2653.5,2603.1,2635.65,2635.65,753856,-0.02749,-8,291
25-01-2019,2649,2661,2585,2599.55,2599.55,916927,-0.03409,-15,440
28-01-2019,2610,2610,2355,2458.5,2458.5,2364047,-0.033816425,-14,414
29-01-2019,2468,2570.1,2371.65,2515.55,2515.55,6118833,-0.043243243,-24,555
30-01-2019,2580,2623.7,2546,2595.5,2595.5,3879707,-0.054054054,-28,518
31-01-2019,2608,2608,2526,2574.85,2574.85,2083418,-0.030534351,-16,524
01-02-2019,2575,2687.9,2575,2628.4,2628.4,2117768,-0.071283096,-35,491
04-02-2019,2610,2623.55,2572.2,2594.45,2594.45,942113,-0.062634989,-29,463
05-02-2019,2600,2642.1,2593.95,2603.6,2603.6,1010817,-0.060344828,-28,464
06-02-2019,2619,2720,2612.1,2711.25,2711.25,1798461,0.004632694,7,1511
07-02-2019,2725,2731,2684.1,2696.6,2696.6,1760580,0.003021148,2,662
08-02-2019,2670,2737.45,2670,2707.15,2707.15,1510785,0.004938272,2,405
11-02-2019,2724.7,2724.7,2635,2657.2,2657.2,1194702,-0.017475728,-9,515
12-02-2019,2668,2677.15,2616.3,2621.8,2621.8,1200370,0.035161744,25,711
13-02-2019,2629.9,2649,2572.05,2590.55,2590.55,1207192,-0.039711191,-22,554
14-02-2019,2579.95,2622,2556.9,2609.2,2609.2,1214126,-0.151898734,-72,474
15-02-2019,2610,2610,2506,2561.1,2561.1,1640696,-0.063180828,-29,459
18-02-2019,2548.05,2561,2512.45,2549.45,2549.45,1154520,-0.025793651,-13,504
19-02-2019,2551,2606.95,2545,2559.8,2559.8,1148339,-0.089430894,-44,492
20-02-2019,2585,2614.8,2571,2606.15,2606.15,1038127,-0.237924866,-133,559
21-02-2019,2610,2660,2593.05,2654.7,2654.7,1139823,-0.258064516,-112,434
22-02-2019,2652.55,2674,2632.4,2640.4,2640.4,825672,-0.131715771,-76,577
25-02-2019,2639,2675,2613.75,2657.75,2657.75,1024040,-0.076642336,-42,548
26-02-2019,2637.3,2678,2600,2657.75,2657.75,1618996,-0.117391304,-54,460
27-02-2019,2670,2696.65,2625,2642,2642,1147839,-0.115207373,-50,434
28-02-2019,2666.6,2667,2630,2649,2649,1136843,-0.130023641,-55,423
01-03-2019,2663.3,2674.3,2640,2660.75,2660.75,707094,-0.081168831,-50,616
05-03-2019,2655,2708.35,2644.6,2695.15,2695.15,847307,-0.00952381,-4,420
06-03-2019,2715,2774.2,2700,2766.7,2766.7,1543424,-0.082429501,-38,461
07-03-2019,2774.95,2782.3,2725,2734.8,2734.8,859851,-0.05399061,-23,426
08-03-2019,2724.9,2779,2716.6,2768.3,2768.3,1178087,-0.074592075,-32,429
11-03-2019,2769,2807.95,2769,2791.05,2791.05,1169075,-0.052631579,-23,437
12-03-2019,2808.8,2816.65,2745.5,2753.05,2753.05,1385335,-0.067099567,-31,462
13-03-2019,2760,2837.95,2748.85,2828.15,2828.15,1549296,0.018711019,9,481
14-03-2019,2832,2835,2787.1,2808.1,2808.1,896055,0.014044944,10,712
15-03-2019,2818.8,2899,2815,2860.75,2860.75,2091562,-0.033663366,-17,505
18-03-2019,2872,2941.1,2845,2929.55,2929.55,1819986,-0.00204499,-1,489
19-03-2019,2930,2962.9,2910.05,2920.9,2920.9,1480565,-0.080708661,-41,508
20-03-2019,2924.8,2934.55,2857.8,2868.6,2868.6,1406862,-0.040524434,-34,839
22-03-2019,2868,2895.5,2816,2836.65,2836.65,1250876,-0.081272085,-46,566
25-03-2019,2804,2862,2801,2849.8,2849.8,1066757,-0.024429967,-15,614
26-03-2019,2860,2942,2859,2934.35,2934.35,1570637,-0.067484663,-44,652
27-03-2019,2950,3014.15,2932.5,2945.25,2945.25,2419656,-0.063157895,-42,665
28-03-2019,2940.1,3000,2940.05,2995.85,2995.85,1366945,-0.045977011,-40,870
29-03-2019,3010,3034.95,2965.6,3025,3025,1734853,-0.057061341,-40,701
01-04-2019,3030.2,3046.4,2991,3001.45,3001.45,1109000,-0.008152174,-6,736
02-04-2019,3024.8,3077,2998.35,3055.2,3055.2,1136238,-0.01510989,-11,728
03-04-2019,3073,3089,3038.15,3046,3046,1052752,-0.113333333,-221,1950
04-04-2019,3060,3065,3017.45,3039.45,3039.45,772776,-0.082134293,-137,1668
05-04-2019,3048,3125,3046.1,3114.2,3114.2,1244408,-0.057444314,-49,853
08-04-2019,3123,3130,3018,3024.1,3024.1,1642189,-0.050531915,-38,752
09-04-2019,3016.55,3049.1,2979.45,3008.7,3008.7,1733324,-0.020618557,-8,388
10-04-2019,3011.1,3037,2986,2998.35,2998.35,994899,-0.058981233,-22,373
11-04-2019,3008,3055,2992,3047.85,3047.85,1016712,-0.069620253,-33,474
12-04-2019,3052,3062,3001.3,3008.8,3008.8,1048138,-0.032943677,-31,941
15-04-2019,3028.6,3033,3001.95,3022.25,3022.25,651634,-0.034296029,-19,554
16-04-2019,3018,3057.3,3018,3032.5,3032.5,1021478,-0.114583333,-44,384
18-04-2019,3038.7,3046,2995,3014.45,3014.45,658826,-0.081911263,-24,293
22-04-2019,3010,3010,2975,2991.25,2991.25,662157,-0.024922118,-8,321
23-04-2019,2992,3058.5,2987.05,3035.05,3035.05,991968,-0.016,-6,375
24-04-2019,3035,3099,3032,3093.05,3093.05,990580,-0.038869258,-11,283
25-04-2019,3099.8,3114.4,3072.65,3081,3081,1240564,-0.092764378,-50,539
26-04-2019,3089,3105,3045,3096.85,3096.85,613807,-0.076446281,-37,484
30-04-2019,3092,3120,3040,3095.95,3095.95,900968,-0.064039409,-26,406
02-05-2019,3095,3148.95,3060,3131.75,3131.75,895830,-0.067846608,-23,339
03-05-2019,3130.1,3165,3102.3,3111.85,3111.85,730728,-0.091194969,-29,318
06-05-2019,3066,3094,3026,3034.3,3034.3,966487,-0.077738516,-22,283
07-05-2019,3052.9,3069.8,3007.6,3017.05,3017.05,970264,-0.050359712,-14,278
08-05-2019,3012,3017,2900,2921.3,2921.3,1155023,-0.04057971,-14,345
09-05-2019,2900,2991.8,2885,2971.35,2971.35,1745234,-0.040133779,-12,299
10-05-2019,2970.1,2996,2900,2922.85,2922.85,1630089,-0.04040404,-20,495
13-05-2019,2929.9,2957.95,2906,2931.85,2931.85,1356229,-0.002304147,-1,434
14-05-2019,2927.95,2941.95,2848.1,2881.85,2881.85,1861760,-0.020512821,-8,390
15-05-2019,2921,3023.25,2870.8,3002.75,3002.75,2453670,-0.01863354,-6,322
16-05-2019,3014,3129,3010.25,3110.05,3110.05,3644672,0.039370079,10,254
17-05-2019,3137,3316,3122.05,3301.1,3301.1,5848716,0.01863354,6,322
20-05-2019,3390,3444.55,3343,3407.55,3407.55,2724859,0.075630252,45,595
21-05-2019,3418.05,3488,3375,3433.3,3433.3,2884997,-0.045673077,-19,416
22-05-2019,3442,3459.55,3398.05,3448.9,3448.9,1566812,-0.068010076,-27,397
23-05-2019,3495,3518,3355.65,3377.75,3377.75,2406205,-0.057788945,-23,398
24-05-2019,3400,3475,3391.3,3467.9,3467.9,1568523,0.016014235,9,562
27-05-2019,3480,3484.95,3440,3449,3449,932000,-0.035242291,-16,454
28-05-2019,3468,3468.15,3386.75,3409.8,3409.8,1627768,-0.084337349,-35,415
29-05-2019,3403,3433,3384.5,3409.25,3409.25,921278,-0.061503417,-27,439
30-05-2019,3408.9,3489.7,3400.05,3481.65,3481.65,1175111,-0.05942623,-29,488
31-05-2019,3497.45,3531,3448.7,3467.1,3467.1,2172866,-0.035928144,-12,334
03-06-2019,3460,3529.9,3460,3511.05,3511.05,1241133,-0.026058632,-8,307
04-06-2019,3514.5,3550,3509.55,3531.15,3531.15,1051400,-0.088803089,-23,259
06-06-2019,3533,3533,3445.45,3452.95,3452.95,1314916,-0.073800738,-20,271
07-06-2019,3453.15,3519,3419.95,3509.45,3509.45,1285044,-0.042168675,-14,332
10-06-2019,3546.95,3557.75,3506,3519.6,3519.6,983274,0.014256619,7,491
11-06-2019,3537,3564,3511.25,3551.85,3551.85,903155,-0.009584665,-3,313
12-06-2019,3539.95,3539.95,3482,3505.85,3505.85,1214470,-0.115168539,-41,356
13-06-2019,3505,3551,3500,3544.5,3544.5,880318,-0.073015873,-23,315
14-06-2019,3553.95,3569.8,3501,3518.4,3518.4,864641,-0.013937282,-4,287
17-06-2019,3529,3529.8,3456,3466.5,3466.5,953460,0.003597122,1,278
18-06-2019,3474,3530,3469.05,3509.3,3509.3,1083527,-0.092307692,-36,390
19-06-2019,3539,3548,3500.1,3525.5,3525.5,873941,-0.045070423,-16,355
20-06-2019,3519,3589,3507.4,3582.55,3582.55,1107005,-0.050938338,-19,373
21-06-2019,3597.1,3599,3550,3565.85,3565.85,1058266,-0.09486166,-24,253
24-06-2019,3562,3579.9,3533.05,3545.35,3545.35,543703,-0.080701754,-23,285
25-06-2019,3545.35,3586,3530.35,3579.85,3579.85,827869,-0.031690141,-9,284
26-06-2019,3569.85,3635,3563,3627.95,3627.95,978806,-0.174840085,-82,469
27-06-2019,3635,3659,3620.1,3642.2,3642.2,1135142,-0.136253041,-56,411
28-06-2019,3652.45,3693.25,3629.7,3681.1,3681.1,1200036,-0.043589744,-17,390
01-07-2019,3688.7,3716,3685,3699,3699,913884,-0.025735294,-7,272
02-07-2019,3699,3720,3670.05,3711.1,3711.1,706478,-0.079439252,-17,214
03-07-2019,3714,3730.3,3695,3715.4,3715.4,605040,-0.058823529,-16,272
04-07-2019,3730,3749.9,3705.15,3732.5,3732.5,743616,-0.051643192,-11,213
05-07-2019,3734,3762,3706.45,3719.15,3719.15,776280,-0.004201681,-1,238
08-07-2019,3724.95,3724.95,3375,3413.3,3413.3,3857132,-0.011235955,-6,534
09-07-2019,3410,3625,3336.4,3603.1,3603.1,5196125,-0.063241107,-16,253
10-07-2019,3599.95,3599.95,3412,3429.05,3429.05,2909584,-0.061643836,-18,292
11-07-2019,3460,3525.65,3366.55,3451.05,3451.05,2712241,-0.109170306,-25,229
12-07-2019,3470,3470,3366,3377.5,3377.5,2696678,-0.042328042,-16,378
15-07-2019,3398.5,3440,3353.6,3412.1,3412.1,1618073,-0.089494163,-23,257
16-07-2019,3433.4,3464.9,3406.05,3448.7,3448.7,1685856,-0.002659574,-1,376
17-07-2019,3440,3481.75,3440,3463.3,3463.3,915547,-0.038348083,-13,339
18-07-2019,3460,3520,3444,3467.65,3467.65,1320464,-0.052173913,-18,345
19-07-2019,3476,3501.25,3263.1,3323.1,3323.1,3033909,-0.002985075,-1,335
22-07-2019,3316,3316,3164.65,3246.6,3246.6,3692023,-0.04743083,-12,253
23-07-2019,3257,3297.35,3208.15,3276.9,3276.9,2223691,-0.015296367,-8,523
24-07-2019,3274.1,3294,3135,3173.55,3173.55,2767989,0.01758794,7,398
25-07-2019,3198.9,3243.4,2996.2,3046.5,3046.5,10290577,-0.043103448,-15,348
26-07-2019,3046.5,3278,2994,3264.6,3264.6,6945080,-0.093567251,-32,342
29-07-2019,3272.75,3300,3180,3252.65,3252.65,3478473,-0.054421769,-16,294
30-07-2019,3260,3299,3231.3,3249.95,3249.95,2284905,-0.040955631,-12,293
31-07-2019,3233.05,3267.65,3160.1,3252.05,3252.05,2438130,-0.101167315,-26,257
01-08-2019,3231,3261,3174,3222.1,3222.1,1892516,-0.015564202,-8,514
02-08-2019,3189,3287.55,3120,3237.9,3237.9,3356019,-0.161198288,-339,2103
05-08-2019,3199.8,3199.8,3143,3160.05,3160.05,2013371,-0.141074335,-260,1843
06-08-2019,3160.05,3287,3153.15,3272.25,3272.25,2005139,-0.081889764,-52,635
07-08-2019,3275,3325,3252.3,3265.8,3265.8,2398910,-0.071246819,-28,393
08-08-2019,3290,3360,3261,3334.7,3334.7,1587742,-0.009661836,-4,414
09-08-2019,3359.95,3449.6,3340,3419.7,3419.7,2101757,-0.048543689,-15,309
13-08-2019,3419.7,3424,3208.05,3221.85,3221.85,1900694,-0.051829268,-17,328
14-08-2019,3269.95,3329.9,3245,3289.95,3289.95,2770237,-0.026086957,-9,345
16-08-2019,3280.6,3358.9,3253.35,3337.2,3337.2,1758154,-0.092696629,-33,356
19-08-2019,3364.9,3379,3311,3328.05,3328.05,1432842,-0.024096386,-8,332
20-08-2019,3327,3334.4,3235.25,3294.1,3294.1,1688717,-0.091216216,-27,296
21-08-2019,3289.9,3321.95,3246.2,3261.45,3261.45,1552801,-0.113846154,-37,325
22-08-2019,3259,3259,3098.45,3114.1,3114.1,2506194,-0.108761329,-36,331
23-08-2019,3118,3200,2998,3174.35,3174.35,3143787,-0.052434457,-14,267
26-08-2019,3274,3338.8,3183.05,3324.25,3324.25,2950017,-0.090047393,-19,211
27-08-2019,3352,3398,3340.1,3357.75,3357.75,2225937,-0.061371841,-17,277
28-08-2019,3348.8,3362.65,3296.75,3326.35,3326.35,1250915,-0.08,-16,200
29-08-2019,3323.7,3330,3276,3299.3,3299.3,1529926,-0.097014925,-26,268
30-08-2019,3310.15,3347,3260,3332.5,3332.5,2118953,-0.096069869,-22,229
03-09-2019,3303,3315,3234.2,3258.5,3258.5,1199726,-0.04778157,-14,293
04-09-2019,3267,3274.35,3208,3250.25,3250.25,1879349,0.00913242,2,219
05-09-2019,3286,3305,3242.8,3292.7,3292.7,1501226,-0.10483871,-26,248
06-09-2019,3330,3388,3298,3373,3373,1700894,-0.028469751,-8,281
09-09-2019,3374,3450,3352.15,3437.35,3437.35,1802551,-0.043887147,-14,319
11-09-2019,3445.35,3456,3385.3,3416.4,3416.4,1301112,-0.085972851,-19,221
12-09-2019,3402.5,3429,3370.6,3382.35,3382.35,1164086,-0.013392857,-3,224
13-09-2019,3389,3436,3372.5,3427.35,3427.35,1328363,-0.04954955,-11,222
16-09-2019,3395,3449.95,3382.3,3418.85,3418.85,1179767,-0.097938144,-19,194
17-09-2019,3424.95,3434,3354,3368.4,3368.4,1361872,-0.08040201,-16,199
18-09-2019,3407,3464.5,3388.5,3413.85,3413.85,1853668,-0.06875,-11,160
19-09-2019,3426,3426.4,3340.3,3362.05,3362.05,1237692,-0.157303371,-28,178
20-09-2019,3385.3,3750,3282.65,3702.2,3702.2,5648086,-0.061946903,-14,226
23-09-2019,3820,4070,3763.9,4023.75,4023.75,4011002,-0.047904192,-8,167
24-09-2019,4025,4025,3927,3961.75,3961.75,2189604,-0.043062201,-9,209
25-09-2019,3960,3998.9,3890,3930.9,3930.9,2414729,-0.036036036,-8,222
26-09-2019,3955,4015,3945.1,4000.8,4000.8,2388165,-0.162650602,-27,166
27-09-2019,4006,4085,3990,4057.4,4057.4,2024478,-0.080586081,-22,273
30-09-2019,4065.9,4111.75,4031,4046.05,4046.05,2256361,-0.026923077,-7,260
01-10-2019,4080,4089.1,3946.3,3992.4,3992.4,1615506,0.059659091,21,352
03-10-2019,3985,4004.95,3931.85,3959.8,3959.8,1245840,-0.060465116,-13,215
04-10-2019,3979,4004,3892.3,3903.95,3903.95,1478266,-0.076923077,-13,169
07-10-2019,3880,3958.25,3819.45,3900.9,3900.9,1406152,-0.078125,-25,320
09-10-2019,3915,4035,3880.05,4023.9,4023.9,1356600,-0.031007752,-8,258
10-10-2019,4013.65,4015,3931,3948.9,3948.9,1102788,-0.056603774,-21,371
11-10-2019,3979,4015,3925,3973.2,3973.2,1623866,0.018975332,10,527
14-10-2019,3988,4006.3,3853.05,3883.3,3883.3,1768352,0.004504505,2,444
15-10-2019,3895,3916,3843,3879.45,3879.45,1394894,-0.028218695,-16,567
16-10-2019,3910,4032,3900,4016.4,4016.4,2381769,0.022516556,17,755
17-10-2019,4020.05,4117.2,4001,4106.8,4106.8,2103593,-0.033018868,-14,424
18-10-2019,4100,4199,4080,4137.65,4137.65,1836213,-0.040677966,-12,295
22-10-2019,4165,4219.85,4000.1,4034.15,4034.15,5034755,-0.074074074,-18,243
23-10-2019,4089.95,4110,3968,4038.35,4038.35,2442249,-0.040133779,-12,299
24-10-2019,4062,4080,4012.55,4026.15,4026.15,1267557,-0.06097561,-15,246
25-10-2019,4037.8,4063.85,3900,3987.25,3987.25,1758098,0.03562341,14,393
27-10-2019,4015,4015,3955,3978.9,3978.9,214742,-0.068493151,-20,292
29-10-2019,3990,4060,3962.45,4047.25,4047.25,1335515,-0.10041841,-24,239
30-10-2019,4074.95,4074.95,3985,3992,3992,1338554,-0.082125604,-17,207
31-10-2019,4004.2,4050,3995,4027.55,4027.55,1251220,-0.045045045,-10,222
01-11-2019,4029,4110,4021,4069.85,4069.85,1875612,-0.032154341,-10,311
04-11-2019,4087,4177.5,4076.15,4113,4113,1863158,-0.004926108,-3,609
05-11-2019,4172,4255,4135,4227.8,4227.8,2934652,-0.035343035,-34,962
06-11-2019,4260,4280,4176.65,4188.15,4188.15,2076695,-0.057692308,-24,416
07-11-2019,4204.7,4239.2,4188.2,4225.85,4225.85,1141603,-0.027088036,-12,443
08-11-2019,4220,4240,4148,4159.45,4159.45,1509693,-0.137624861,-124,901
11-11-2019,4160,4188,4142.9,4169.05,4169.05,769302,-0.076855895,-88,1145
13-11-2019,4166.9,4175,4132,4144.55,4144.55,899015,-0.105527638,-42,398
14-11-2019,4158,4221,4120.4,4210.55,4210.55,1383629,-0.002631579,-1,380
15-11-2019,4220.2,4247.25,4175.55,4187.6,4187.6,1193171,-0.027491409,-8,291
18-11-2019,4199,4209.55,4145.15,4154.9,4154.9,927364,0,0,281
19-11-2019,4165,4182.15,4126.25,4135.75,4135.75,829535,-0.048951049,-14,286
20-11-2019,4140,4182,4127.4,4138.55,4138.55,813879,-0.124,-31,250
21-11-2019,4140,4160,4112,4123.65,4123.65,702853,-0.097222222,-21,216
22-11-2019,4130,4143.8,4041,4078.3,4078.3,1222615,-0.09009009,-20,222
25-11-2019,4100,4149.15,4062.3,4141.7,4141.7,1389304,-0.086486486,-16,185
26-11-2019,4145,4173.95,4087,4098.35,4098.35,1502727,-0.050980392,-13,255
27-11-2019,4121,4124.9,4095,4118.35,4118.35,485064,-0.036423841,-11,302
28-11-2019,4120,4139.05,4065,4102.05,4102.05,969708,-0.066350711,-14,211
29-11-2019,4095,4135,4062.35,4074.2,4074.2,831983,-0.051282051,-8,156
02-12-2019,4075,4077.35,3920.1,3950.45,3950.45,2065404,-0.085427136,-17,199
03-12-2019,3939.95,3995,3886.5,3964.55,3964.55,1984382,-0.058823529,-11,187
04-12-2019,3958,4004.1,3935,3990.85,3990.85,1430830,-0.023041475,-5,217
05-12-2019,3990.85,4034,3968,3990.85,3990.85,1255304,-0.082236842,-25,304
06-12-2019,4010,4027.8,3927.4,3951.65,3951.65,1171355,-0.004405286,-1,227
09-12-2019,3969.6,3971.45,3880.25,3944.85,3944.85,1268942,-0.05106383,-12,235
10-12-2019,3950,3995,3945.5,3986.85,3986.85,1159480,-0.012820513,-4,312
11-12-2019,4001.5,4055,3984.05,4036.8,4036.8,1365981,0.007113821,7,984
12-12-2019,4050,4065,4010.05,4057.15,4057.15,1087056,0.036697248,16,436
13-12-2019,4070,4089.25,4041.1,4071.95,4071.95,861656,0.034285714,12,350
16-12-2019,4087.95,4087.95,4031.55,4039.45,4039.45,826069,-0.031690141,-9,284
17-12-2019,4056.95,4155,4046.95,4135.75,4135.75,1379484,-0.034482759,-10,290
18-12-2019,4140.45,4158.85,4101.05,4119.35,4119.35,1109775,-0.053763441,-15,279
19-12-2019,4113.05,4145,4085.3,4091.85,4091.85,736104,0.009852217,4,406
20-12-2019,4107,4145,4081,4135.6,4135.6,1054234,-0.017910448,-6,335
23-12-2019,4138.6,4184,4130,4160,4160,1137879,0.017191977,6,349
24-12-2019,4158,4180.7,4125.65,4139.5,4139.5,751979,0.015364917,12,781
26-12-2019,4149.95,4196.45,4133.25,4187.1,4187.1,1265020,0.007425743,6,808
27-12-2019,4198,4260,4192,4252.65,4252.65,1126648,-0.049261084,-20,406
30-12-2019,4274.85,4281.55,4230,4243.3,4243.3,831910,0.066753927,51,764
31-12-2019,4247,4266.4,4218.6,4234.75,4234.75,779608,-0.024604569,-14,569
01-01-2020,4237.8,4252,4221,4231.3,4231.3,407042,-0.113157895,-43,380
02-01-2020,4240,4295.75,4235,4246.05,4246.05,863844,-0.047058824,-20,425
03-01-2020,4220,4234.8,4173,4193.45,4193.45,1176850,-0.061007958,-23,377
06-01-2020,4164,4204,3983.8,3996.7,3996.7,2866735,-0.106666667,-32,300
07-01-2020,4055,4092,3996.2,4007.65,4007.65,2149042,-0.006734007,-2,297
08-01-2020,3950,4060.35,3950,4049.95,4049.95,1630576,-0.019379845,-5,258
09-01-2020,4105.9,4148,4080,4124.2,4124.2,1419388,-0.027874564,-8,287
10-01-2020,4130.1,4185.9,4118,4144.85,4144.85,1106624,-0.065714286,-23,350
13-01-2020,4168,4182.25,4146,4164.5,4164.5,645152,-0.062015504,-16,258
14-01-2020,4170,4202.4,4150.45,4193,4193,703434,0.040983607,20,488
15-01-2020,4189.95,4220,4170.05,4207.25,4207.25,616976,0.043373494,18,415
16-01-2020,4190,4229.95,4188,4220.25,4220.25,578728,-0.032921811,-8,243
17-01-2020,4217,4242,4202,4231.75,4231.75,671129,0.014005602,5,357
20-01-2020,4229,4252.95,4125.15,4152.6,4152.6,848639,-0.04,-17,425
21-01-2020,4149.95,4186.1,4117.05,4138.6,4138.6,897922,-0.007915567,-6,758
22-01-2020,4186,4186.5,4123.35,4142.2,4142.2,797901,0.019635344,14,713
23-01-2020,4123,4163.85,4085,4125.8,4125.8,1154522,-0.053278689,-26,488
24-01-2020,4120,4205.65,4111,4194.5,4194.5,864892,-0.079457364,-41,516
27-01-2020,4174,4208,4154,4164.35,4164.35,782155,0.015763547,16,1015
28-01-2020,4150.15,4249,4150.15,4213,4213,1052764,-0.046232877,-27,584
29-01-2020,4244.9,4444,4215.1,4419,4419,4581413,-0.016260163,-8,492
30-01-2020,4464,4485,4344.85,4364.3,4364.3,3577774,-0.075987842,-25,329
31-01-2020,4370,4420.1,4333.8,4365.9,4365.9,1736927,-0.068027211,-30,441
01-02-2020,4350,4447.5,4203.3,4276.05,4276.05,2152563,-0.054495913,-20,367
03-02-2020,4250.2,4376.9,4250.2,4359.35,4359.35,1094181,-0.047619048,-17,357
04-02-2020,4387.95,4550,4377.15,4519.25,4519.25,1958323,-0.026369168,-13,493
05-02-2020,4515,4539.95,4477.65,4528.2,4528.2,1285631,-0.072916667,-35,480
06-02-2020,4528.2,4677.85,4525,4666.35,4666.35,1846477,-0.014531044,-11,757
07-02-2020,4663.95,4686.9,4626.1,4654.3,4654.3,950326,-0.041522491,-72,1734
10-02-2020,4660,4734,4640,4721.75,4721.75,1160879,-0.050997783,-69,1353
11-02-2020,4737,4785,4736,4749.35,4749.35,1167429,0.013157895,10,760
12-02-2020,4770,4782.2,4722,4768.7,4768.7,882964,-0.024074074,-13,540
13-02-2020,4766,4800.6,4735,4795.35,4795.35,681039,0.009070295,4,441
14-02-2020,4800,4815,4768,4781.75,4781.75,731118,-0.051724138,-18,348
17-02-2020,4781.75,4798,4750.05,4776.65,4776.65,716484,-0.063432836,-17,268
18-02-2020,4769.4,4771.95,4701.6,4758,4758,728611,-0.090666667,-34,375
19-02-2020,4785,4887,4780.1,4878.05,4878.05,1172049,0.018442623,9,488
20-02-2020,4867.9,4923.4,4853.75,4880.45,4880.45,1634643,-0.072289157,-24,332
24-02-2020,4840,4876,4751.2,4803.95,4803.95,1263389,-0.080851064,-38,470
25-02-2020,4849.9,4849.9,4784,4825.95,4825.95,959309,-0.052369077,-21,401
26-02-2020,4815,4837.75,4767.25,4810,4810,851346,-0.060773481,-22,362
27-02-2020,4815,4815,4712.1,4759.8,4759.8,1174870,-0.059405941,-18,303
28-02-2020,4640,4640,4311.75,4465.85,4465.85,4941410,-0.035598706,-11,309
02-03-2020,4600,4617.95,4305.65,4360.75,4360.75,2238216,-0.029023747,-11,379
03-03-2020,4400,4474.95,4320.05,4454.1,4454.1,2023503,-0.118243243,-35,296
04-03-2020,4466,4496.8,4225,4286.4,4286.4,2472991,-0.107305936,-47,438
05-03-2020,4310,4367.55,4273.15,4330.7,4330.7,1833295,-0.035714286,-16,448
06-03-2020,4125,4238,4036.5,4225.85,4225.85,3312238,-0.007263923,-3,413
09-03-2020,4070,4127.5,3945.15,4026.8,4026.8,3545633,-0.065830721,-21,319
11-03-2020,4014,4118.9,3985,4030.65,4030.65,2793788,-0.026128266,-11,421
12-03-2020,3860,3869.95,3628.1,3734.35,3734.35,5272622,-0.105849582,-38,359
13-03-2020,3440,4043.5,3281.05,3952.55,3952.55,4849922,-0.064285714,-18,280
16-03-2020,3833.45,3833.45,3600,3672.25,3672.25,3140526,-0.077205882,-21,272
17-03-2020,3702.1,3734.7,3402,3444.85,3444.85,2558616,-0.091254753,-24,263
18-03-2020,3490,3530,3018.9,3061.35,3061.35,5443764,-0.068669528,-16,233
19-03-2020,2800,3053.05,2484.7,2746.1,2746.1,8324859,-0.087349398,-29,332
20-03-2020,2799.85,3044,2621.65,2951.9,2951.9,6110309,-0.087136929,-21,241
23-03-2020,2656.75,2700,2225,2266.15,2266.15,4844366,-0.061946903,-21,339
24-03-2020,2472,2568.65,2104.65,2474.2,2474.2,6257226,-0.096875,-31,320
25-03-2020,2450,2700,2400,2585.6,2585.6,6226366,-0.115702479,-28,242
26-03-2020,2637.3,2936.5,2565.05,2793.7,2793.7,5096124,-0.152249135,-44,289
27-03-2020,2955,3040,2500,2542.3,2542.3,7170719,-0.097014925,-26,268
30-03-2020,2390.05,2414.4,2226,2242.1,2242.1,7698376,-0.035031847,-11,314
31-03-2020,2305.1,2340,2100,2215.8,2215.8,11043174,-0.050632911,-12,237
01-04-2020,2180,2286.9,2132.65,2219.35,2219.35,6408401,-0.153005464,-28,183
03-04-2020,2268.8,2343.7,2183.05,2207.5,2207.5,6172683,-0.150485437,-31,206
07-04-2020,2245,2286,2081.5,2253.35,2253.35,11163774,-0.072519084,-19,262
08-04-2020,2184,2374,2144.15,2332.9,2332.9,9109346,-0.111464968,-35,314
09-04-2020,2391,2566.15,2367.1,2551.85,2551.85,7193807,-0.029739777,-8,269
13-04-2020,2520,2520,2265.95,2287.3,2287.3,8183271,-0.069105691,-17,246
15-04-2020,2345,2368,2168.4,2182.45,2182.45,9333672,-0.077253219,-18,233
16-04-2020,2145,2250,2122,2220,2220,7246740,-0.017595308,-6,341
17-04-2020,2355,2375.9,2235.2,2308.15,2308.15,10191558,-0.022792023,-8,351
20-04-2020,2325,2345.5,2265,2308.25,2308.25,5403325,-0.010344828,-3,290
21-04-2020,2210,2210,2085,2099.75,2099.75,7384077,-0.031620553,-8,253
22-04-2020,2059.95,2170,2022.35,2148.25,2148.25,9062724,-0.027777778,-6,216
23-04-2020,2160,2219.1,2112,2172.45,2172.45,7144627,-0.005830904,-2,343
24-04-2020,2113.5,2113.5,1970.05,1976.25,1976.25,10494521,-0.055276382,-11,199
27-04-2020,2000,2085,1915.65,2044.05,2044.05,14495302,-0.038235294,-13,340
28-04-2020,2081,2244.1,2035,2228.1,2228.1,14756379,-0.101123596,-18,178
29-04-2020,2200.05,2375,2200.05,2296.45,2296.45,15060598,-0.055921053,-17,304
30-04-2020,2365.05,2418.95,2291.15,2318.1,2318.1,8884225,-0.085365854,-28,328
04-05-2020,2200,2202.2,2028.55,2079.65,2079.65,7312754,-0.133956386,-43,321
05-05-2020,2130,2135,1997,2002.35,2002.35,11521295,-0.116129032,-54,465
06-05-2020,2010,2131.9,1952.35,2106.25,2106.25,13149700,-0.083870968,-26,310
07-05-2020,2098.95,2169.85,2048.35,2060.55,2060.55,7770204,-0.11627907,-30,258
08-05-2020,2130,2130,2015,2024.15,2024.15,6966405,-0.075601375,-22,291
11-05-2020,2070,2092.7,1995.3,2015.05,2015.05,7655033,-0.094462541,-29,307
12-05-2020,1989.7,2080,1977.1,2069.7,2069.7,10336528,-0.127020785,-55,433
13-05-2020,2220,2239.95,2145,2161.05,2161.05,9441305,-0.061617458,-48,779
14-05-2020,2159,2258.95,2096.8,2112,2112,14307614,-0.099540582,-65,653
15-05-2020,2119.95,2136.6,2056,2086.45,2086.45,8026847,-0.080614203,-42,521
18-05-2020,2090,2093.45,1926,1938.6,1938.6,10820656,-0.203184411,-855,4208
19-05-2020,1960,2003.55,1922.2,1964.95,1964.95,9413722,-0.184618222,-1001,5422
20-05-2020,1970,2060,1935,2042.8,2042.8,16318576,-0.155234657,-215,1385
21-05-2020,2059,2077.55,1974.5,1990.2,1990.2,9880430,-0.172259508,-154,894
22-05-2020,1975,2007,1865.25,1895.3,1895.3,16195152,-0.119153675,-107,898
26-05-2020,1918,1933.75,1821.55,1829,1829,9869545,-0.081096849,-139,1714
27-05-2020,1830,1946,1783,1936.45,1936.45,17335783,-0.057106599,-45,788
28-05-2020,1954,1983,1927,1947.7,1947.7,9051786,-0.030757098,-39,1268
29-05-2020,1914,1980,1891,1953.65,1953.65,10362057,-0.005628518,-6,1066
01-06-2020,1997.05,2226.4,1997.05,2160.85,2160.85,18916613,-0.123966942,-120,968
02-06-2020,2165.25,2375,2160.85,2346.2,2346.2,23442768,-0.155299056,-148,953
03-06-2020,2417,2496.85,2398,2411.9,2411.9,18705500,-0.150877193,-86,570
04-06-2020,2414,2453.65,2276.8,2313.05,2313.05,16315382,-0.125748503,-63,501
05-06-2020,2344,2409,2275,2390.35,2390.35,15850081,-0.099796334,-49,491
08-06-2020,2505,2547.7,2475.55,2507.25,2507.25,14992618,-0.06768559,-31,458
09-06-2020,2535,2535,2415.3,2443.6,2443.6,12373212,-0.076212471,-33,433
10-06-2020,2440,2470,2401,2435.65,2435.65,8961543,-0.141414141,-56,396
11-06-2020,2410,2459,2320.1,2338.9,2338.9,10042834,-0.060941828,-22,361
12-06-2020,2200,2470,2199,2450.15,2450.15,16802757,-0.078078078,-26,333
15-06-2020,2420,2429.95,2331,2351.4,2351.4,12070372,-0.168316832,-68,404
16-06-2020,2452,2455.4,2285,2365,2365,12914388,-0.221590909,-78,352
17-06-2020,2347,2425,2332.05,2396,2396,9650300,-0.093439364,-47,503
18-06-2020,2375,2541.7,2373,2525.95,2525.95,12738830,-0.14953271,-48,321
19-06-2020,2562,2714.55,2560,2698.6,2698.6,18604004,-0.14057508,-44,313
22-06-2020,2740,2863.6,2728,2840.3,2840.3,13939367,-0.114583333,-33,288
23-06-2020,2899.95,3109.25,2833,3025.5,3025.5,16187020,-0.141552511,-31,219
24-06-2020,3125,3125,2911,2934.45,2934.45,20110277,-0.145762712,-43,295
25-06-2020,2878.05,3046,2851,3005.35,3005.35,15982155,-0.177966102,-42,236
26-06-2020,3042.5,3058.8,2872.05,2903.5,2903.5,12573521,-0.071005917,-24,338
29-06-2020,2834,2894.45,2770,2857.95,2857.95,11614003,-0.126279863,-37,293
30-06-2020,2910,2936.65,2816,2831,2831,9703086,-0.086757991,-19,219
01-07-2020,2831,2968.7,2806,2953.9,2953.9,12705275,-0.202941176,-69,340
02-07-2020,2980,3016,2925,2964.25,2964.25,11619767,-0.182662539,-59,323
03-07-2020,2980,2989.45,2921,2931.5,2931.5,8543799,-0.088161209,-35,397
06-07-2020,2970,3134.65,2955,3108.8,3108.8,11437602,-0.088145897,-29,329
07-07-2020,3150,3419.65,3125.3,3351.95,3351.95,22876465,-0.130597015,-35,268
08-07-2020,3351.95,3408.8,3180.1,3208.05,3208.05,19126508,-0.12962963,-42,324
09-07-2020,3235,3379.9,3195.1,3330,3330,18758148,-0.050675676,-15,296
10-07-2020,3275,3395,3272.05,3314.15,3314.15,16150425,-0.099415205,-34,342
13-07-2020,3360,3378,3216.2,3234.6,3234.6,13136482,-0.054285714,-19,350
14-07-2020,3219.8,3219.8,3122.35,3190.95,3190.95,12404466,0,0,258
15-07-2020,3230,3297.7,3122.25,3149.25,3149.25,10980342,-0.005208333,-1,192
16-07-2020,3180,3215,3102.3,3204.8,3204.8,9999964,0.02247191,6,267
17-07-2020,3210,3323,3205,3301.3,3301.3,8425645,-0.100456621,-22,219
20-07-2020,3344.95,3453.95,3316.5,3441.5,3441.5,10556334,-0.042801556,-11,257
21-07-2020,3500,3519.5,3218.65,3292.45,3292.45,25960105,-0.051162791,-11,215
22-07-2020,3320,3340,3193.6,3253,3253,17070171,-0.091269841,-23,252
23-07-2020,3253,3320,3216.05,3297.8,3297.8,8718708,0.006741573,3,445
24-07-2020,3245,3290,3220,3251.85,3251.85,6637888,-0.089605735,-25,279
27-07-2020,3263,3280,3152.2,3171.15,3171.15,7089907,-0.09375,-18,192
28-07-2020,3175,3260,3161.2,3239.6,3239.6,8211858,-0.112612613,-25,222
29-07-2020,3245,3329,3239.6,3284.25,3284.25,8070284,0.017142857,6,350
30-07-2020,3295.4,3324,3205.05,3218.3,3218.3,6508389,-0.048689139,-13,267
31-07-2020,3236,3273,3181.25,3251.3,3251.3,7235401,-0.051401869,-11,214
03-08-2020,3244,3244,3169,3174.5,3174.5,4464171,-0.094594595,-28,296
04-08-2020,3202,3260,3142.85,3235.6,3235.6,6679173,-0.122171946,-27,221
05-08-2020,3256,3330,3247.95,3262.15,3262.15,6985383,-0.016,-4,250
06-08-2020,3292,3378.8,3255,3345.2,3345.2,8172921,-0.017482517,-5,286
07-08-2020,3333,3481.45,3310,3464.3,3464.3,10151345,-0.064981949,-18,277
10-08-2020,3494,3556.85,3413.2,3442.95,3442.95,7129352,-0.070539419,-17,241
11-08-2020,3462.3,3494.55,3404.7,3457.4,3457.4,5571895,-0.089393939,-59,660
12-08-2020,3425,3450,3362,3418.25,3418.25,5662542,-0.242612943,-1987,8190
13-08-2020,3450,3472,3401,3419.65,3419.65,4663383,-0.244598517,-3034,12404
14-08-2020,3425,3448.8,3306.2,3331.1,3331.1,5532004,-0.229508197,-1106,4819
17-08-2020,3350,3399.5,3312.4,3384.8,3384.8,4670621,-0.170780856,-339,1985
18-08-2020,3399,3437.95,3366.6,3419.9,3419.9,4706306,-0.177740864,-214,1204
19-08-2020,3447,3465,3401,3409.95,3409.95,4199099,-0.200507614,-237,1182
20-08-2020,3378,3414.5,3353.05,3393.8,3393.8,3677466,-0.175171363,-230,1313
21-08-2020,3430,3440,3380,3389.3,3389.3,2627381,-0.171802054,-184,1071
24-08-2020,3403,3515,3401.05,3492.05,3492.05,6205576,-0.180863477,-155,857
25-08-2020,3525,3660,3510,3642.9,3642.9,9854070,-0.122743682,-68,554
26-08-2020,3665,3707,3631,3645.55,3645.55,6665336,-0.140271493,-62,442
27-08-2020,3656.95,3668.4,3596.4,3632.5,3632.5,4611132,-0.188405797,-104,552
28-08-2020,3650,3688,3617.05,3670.8,3670.8,4251575,-0.187390543,-107,571
31-08-2020,3715,3749.85,3465,3487.8,3487.8,8529788,-0.180272109,-106,588
01-09-2020,3517,3674,3500.2,3643.85,3643.85,6065233,-0.173241852,-101,583
02-09-2020,3642.7,3680,3573.45,3668.65,3668.65,4281052,-0.146164978,-101,691
03-09-2020,3668,3676.75,3605,3619.7,3619.7,3221369,-0.2100271,-155,738
04-09-2020,3541.5,3649.8,3520.75,3596.8,3596.8,4914709,-0.1504,-94,625
07-09-2020,3607,3629,3477.6,3505.15,3505.15,4665183,-0.121703854,-60,493
08-09-2020,3520,3574.9,3475,3500,3500,4448718,-0.076576577,-51,666
09-09-2020,3477,3493.45,3392.45,3422.85,3422.85,4563247,-0.158536585,-91,574
10-09-2020,3456.5,3523.45,3418,3498.7,3498.7,4762302,-0.212475634,-109,513
11-09-2020,3490,3557.7,3456.7,3544.4,3544.4,4608384,-0.148325359,-62,418
14-09-2020,3557,3575.05,3420,3440.7,3440.7,4531611,-0.147420147,-60,407
15-09-2020,3475,3524.2,3455,3513.4,3513.4,3893649,-0.104683196,-38,363
16-09-2020,3517.95,3567.4,3481.65,3521.5,3521.5,3907721,-0.127710843,-53,415
17-09-2020,3488.8,3517,3456.2,3471.95,3471.95,2781196,-0.064794816,-30,463
18-09-2020,3491.4,3503.8,3429,3474.8,3474.8,3769116,-0.081339713,-34,418
21-09-2020,3462.8,3467,3314.25,3330.15,3330.15,3627585,-0.070754717,-30,424
22-09-2020,3329,3353.8,3217.05,3303,3303,4224977,-0.039014374,-19,487
23-09-2020,3330,3344,3200.2,3243.85,3243.85,4244428,-0.101214575,-50,494
24-09-2020,3191,3194.75,3006.9,3028.9,3028.9,5963849,-0.030357143,-17,560
25-09-2020,3080,3167.15,3028.8,3138.95,3138.95,6232618,-0.081012658,-32,395
28-09-2020,3178,3350,3162.75,3335.15,3335.15,5588695,-0.145522388,-39,268
29-09-2020,3358,3372,3254.5,3294.75,3294.75,4643491,-0.18,-63,350
30-09-2020,3293.9,3343.85,3260,3278.6,3278.6,3603553,-0.130331754,-110,844
01-10-2020,3325,3460,3315.05,3442.8,3442.8,5382106,-0.163355408,-74,453
05-10-2020,3465,3519,3370.25,3382.9,3382.9,4207264,-0.15625,-90,576
06-10-2020,3439.9,3480,3391.2,3474.3,3474.3,4758841,-0.171284635,-68,397
07-10-2020,3400,3400,3285.3,3331.15,3331.15,6571280,-0.164750958,-86,522
08-10-2020,3354,3388,3302,3326.45,3326.45,4461846,-0.14232902,-77,541
09-10-2020,3324.9,3418.45,3305,3317.9,3317.9,5684150,-0.125326371,-48,383
12-10-2020,3350,3379.4,3305,3327.2,3327.2,3204677,-0.013793103,-4,290
13-10-2020,3319.95,3340,3243.65,3272.6,3272.6,3777675,-0.174846626,-114,652
14-10-2020,3268,3382.35,3232.7,3372.05,3372.05,5304447,-0.033898305,-22,649
15-10-2020,3368.2,3370,3201,3214.75,3214.75,5268171,-0.078402367,-53,676
16-10-2020,3236.35,3269.45,3170.1,3231.35,3231.35,5076251,-0.065743945,-38,578
19-10-2020,3255.1,3294.7,3196.6,3267.2,3267.2,4206802,-0.035608309,-12,337
20-10-2020,3255,3289.5,3226.8,3262.15,3262.15,3252493,-0.088,-33,375
21-10-2020,3270,3295,3101.35,3232.85,3232.85,7536460,-0.082872928,-30,362
22-10-2020,3160,3345,3150,3314.45,3314.45,7085782,-0.066666667,-28,420
23-10-2020,3331.4,3356.8,3303,3316.9,3316.9,3204780,-0.06231454,-21,337
26-10-2020,3330,3330,3236.65,3293.9,3293.9,3546292,-0.058823529,-25,425
27-10-2020,3326,3465,3278,3453.25,3453.25,6020950,-0.014869888,-8,538
28-10-2020,3448.95,3489.9,3347.9,3370.8,3370.8,4649120,-0.055427252,-24,433
29-10-2020,3367.8,3432,3333.75,3380.05,3380.05,3780452,-0.043010753,-12,279
30-10-2020,3364.95,3391,3252.85,3309,3309,4287635,-0.035928144,-12,334
02-11-2020,3325.55,3447.4,3274.65,3419.8,3419.8,4288551,-0.026058632,-8,307
03-11-2020,3430,3520,3415.85,3490.8,3490.8,4446045,-0.088803089,-23,259
04-11-2020,3469,3569.95,3462,3561.45,3561.45,4371143,-0.073800738,-20,271
05-11-2020,3610,3750,3587.65,3736.9,3736.9,6332141,-0.042168675,-14,332
06-11-2020,3734.1,3827.3,3704.1,3780.75,3780.75,5744050,0.014256619,7,491
09-11-2020,3810,3878.7,3786.05,3865,3865,4149898,-0.009584665,-3,313
10-11-2020,3898.95,4243.95,3882.8,4208.55,4208.55,11421448,-0.115168539,-41,356
11-11-2020,4211,4429.55,4133.95,4268.8,4268.8,13896654,-0.073015873,-23,315
12-11-2020,4260,4325,4200.05,4298.3,4298.3,5590038,-0.013937282,-4,287
13-11-2020,4260,4410,4250,4376.05,4376.05,6088459,0.003597122,1,278
14-11-2020,4400,4435,4340,4374.8,4374.8,789479,-0.092307692,-36,390
17-11-2020,4398.7,4503.95,4345,4488,4488,5851523,-0.045070423,-16,355
18-11-2020,4475,4678,4464,4653.75,4653.75,7513019,-0.050938338,-19,373
19-11-2020,4628.9,4785,4512.55,4536.55,4536.55,8351005,-0.09486166,-24,253
20-11-2020,4571.95,4762.15,4515.25,4715.85,4715.85,8736410,-0.080701754,-23,285
23-11-2020,4769,4869.3,4733.55,4811.45,4811.45,7325039,-0.031690141,-9,284
24-11-2020,4835,4862,4770,4810.65,4810.65,4297385,-0.174840085,-82,469
25-11-2020,4822,4825,4675,4689.75,4689.75,4763321,-0.136253041,-56,411
26-11-2020,4655,4854,4640,4821.25,4821.25,6273208,-0.043589744,-17,390
27-11-2020,4859,4960,4785.15,4908.8,4908.8,12364707,-0.025735294,-7,272
01-12-2020,4951.2,4952.4,4825.25,4861.1,4861.1,4017427,-0.079439252,-17,214
02-12-2020,4864,4884,4785,4823.9,4823.9,3654970,-0.058823529,-16,272
03-12-2020,4865,4890,4817,4867.45,4867.45,2876844,-0.051643192,-11,213
04-12-2020,4870,4958,4815,4875.35,4875.35,3679378,-0.004201681,-1,238
07-12-2020,4870,4924.95,4815,4829.45,4829.45,3115124,-0.011235955,-6,534
08-12-2020,4850,4865,4775,4792.15,4792.15,2971076,-0.063241107,-16,253
09-12-2020,4820,4852.85,4791.2,4844.15,4844.15,1965992,-0.061643836,-18,292
10-12-2020,4850,4860,4785,4794.8,4794.8,1925963,-0.109170306,-25,229
11-12-2020,4805,4889,4805,4843.85,4843.85,2670019,-0.042328042,-16,378
14-12-2020,4857.5,4914.7,4848,4898.65,4898.65,1786348,-0.089494163,-23,257
15-12-2020,4889.95,5150,4868.85,5122.5,5122.5,5936796,-0.002659574,-1,376
16-12-2020,5199,5225,5120,5146.6,5146.6,3269184,-0.038348083,-13,339
17-12-2020,5139.85,5303.15,5101.6,5286.7,5286.7,3733152,-0.052173913,-18,345
18-12-2020,5250,5284.95,5165,5252.5,5252.5,3255043,-0.002985075,-1,335
21-12-2020,5228,5234.7,4905.2,5041.85,5041.85,3551570,-0.04743083,-12,253
22-12-2020,5070,5125,4826.35,5011.4,5011.4,5473521,-0.015296367,-8,523
23-12-2020,5000,5166,4970.35,5088.9,5088.9,3431457,0.01758794,7,398
24-12-2020,5138.95,5218.95,5106,5184.9,5184.9,2625559,-0.043103448,-15,348
28-12-2020,5184.9,5244.8,5175,5204.1,5204.1,1932606,-0.093567251,-32,342
29-12-2020,5225,5247,5167.5,5200.5,5200.5,1969529,-0.054421769,-16,294
30-12-2020,5200.5,5348,5174,5334.15,5334.15,3864700,-0.040955631,-12,293
31-12-2020,5335,5372.5,5272,5295.2,5295.2,2869212,-0.101167315,-26,257
01-01-2021,5310.2,5338,5250,5280.15,5280.15,1447187,-0.015564202,-8,514
04-01-2021,5324,5324,5196.2,5216.2,5216.2,2333659,-0.161198288,-339,2103
05-01-2021,5218,5224.2,5062.5,5119,5119,3953400,-0.141074335,-260,1843
06-01-2021,5130,5168.35,4990.3,5030.3,5030.3,3607923,-0.081889764,-52,635
07-01-2021,5065,5131.55,5021.3,5081,5081,3035750,-0.071246819,-28,393
08-01-2021,5130,5138.75,5042,5082,5082,2998451,-0.009661836,-4,414
11-01-2021,5108,5110.95,4958.25,4984.25,4984.25,2924164,-0.048543689,-15,309
12-01-2021,4984.25,5099,4951,5042.2,5042.2,3335908,-0.051829268,-17,328
13-01-2021,5066,5074,4826.25,4902.9,4902.9,3269373,-0.026086957,-9,345
14-01-2021,4902.9,4966.8,4834,4877.35,4877.35,2680811,-0.092696629,-33,356
15-01-2021,4877,4927,4842.4,4883.6,4883.6,2544916,-0.024096386,-8,332
18-01-2021,4870,4880,4686,4719.85,4719.85,3703413,-0.091216216,-27,296
19-01-2021,4765.1,4994.95,4752,4959.15,4959.15,4767465,-0.113846154,-37,325
20-01-2021,4968,5032.6,4901,4981.95,4981.95,3314707,-0.108761329,-36,331
21-01-2021,4993,5225,4990,5118.3,5118.3,7061809,-0.052434457,-14,267
22-01-2021,5135,5137,4945.6,4972.55,4972.55,3084796,-0.090047393,-19,211
25-01-2021,5049,5163,4890,4908.7,4908.7,3673060,-0.061371841,-17,277
27-01-2021,4921.3,4945.6,4811,4845,4845,2800493,-0.08,-16,200
28-01-2021,4779.55,4909,4723.1,4810.25,4810.25,3477329,-0.097014925,-26,268
29-01-2021,4886.7,4950,4707.1,4734.55,4734.55,4260795,-0.096069869,-22,229
01-02-2021,4775,5080,4666.5,5058.6,5058.6,4290745,-0.04778157,-14,293
02-02-2021,5100,5337.95,5094.9,5173.2,5173.2,4347993,0.00913242,2,219
03-02-2021,5218.6,5270,5140,5245.1,5245.1,2650783,-0.10483871,-26,248
04-02-2021,5214,5543,5206.05,5504.85,5504.85,5325888,-0.028469751,-8,281
05-02-2021,5526,5627,5470,5538.55,5538.55,4437987,-0.043887147,-14,319
08-02-2021,5542,5665,5475.3,5497.7,5497.7,2800809,-0.085972851,-19,221
09-02-2021,5537.5,5539,5382.6,5400.3,5400.3,2263904,-0.013392857,-3,224
10-02-2021,5434.7,5502.35,5395,5475.9,5475.9,2638012,-0.04954955,-11,222
11-02-2021,5470,5588,5455.75,5567.05,5567.05,2028947,-0.097938144,-19,194
12-02-2021,5570,5618,5532.05,5577.45,5577.45,1625268,-0.08040201,-16,199
15-02-2021,5605.35,5799,5600,5779.85,5779.85,3168826,-0.06875,-11,160
16-02-2021,5791.4,5822.2,5690.3,5760.25,5760.25,2126810,-0.157303371,-28,178
17-02-2021,5730,5799,5670,5705.15,5705.15,2346395,-0.061946903,-14,226
18-02-2021,5699,5714.75,5522.2,5563.35,5563.35,2317513,-0.047904192,-8,167
19-02-2021,5560,5621.95,5425,5497.95,5497.95,2744456,-0.043062201,-9,209
22-02-2021,5480,5538.7,5334.75,5376.85,5376.85,2000563,-0.036036036,-8,222
23-02-2021,5420,5504.65,5350,5383.7,5383.7,2190245,-0.162650602,-27,166
24-02-2021,5444,5578.9,5383,5562.9,5562.9,1908795,-0.080586081,-22,273
25-02-2021,5601,5619.95,5511.35,5529.95,5529.95,1584595,-0.026923077,-7,260
26-02-2021,5430,5454,5221,5264.9,5264.9,3713326,0.059659091,21,352
01-03-2021,5315,5369.9,5195,5266.8,5266.8,2031881,-0.060465116,-13,215
02-03-2021,5300,5410,5262.05,5316.3,5316.3,2208634,-0.076923077,-13,169
03-03-2021,5364.15,5573.35,5340.1,5542.9,5542.9,2252413,-0.078125,-25,320
04-03-2021,5430,5567.15,5401,5485.9,5485.9,2234698,-0.031007752,-8,258
05-03-2021,5440,5519.75,5402.1,5444.9,5444.9,2075760,-0.056603774,-21,371
08-03-2021,5469,5493.95,5311,5320.65,5320.65,1721042,0.018975332,10,527
09-03-2021,5371,5445,5335,5415.05,5415.05,1811496,0.004504505,2,444
10-03-2021,5440,5561,5440,5545.05,5545.05,2191250,-0.028218695,-16,567
12-03-2021,5600,5670,5521,5557.85,5557.85,2508013,0.022516556,17,755
15-03-2021,5571.05,5585.65,5350.55,5439.05,5439.05,2087010,-0.033018868,-14,424
16-03-2021,5488.45,5507,5420,5455.95,5455.95,1561305,-0.040677966,-12,295
17-03-2021,5460,5460.4,5344.45,5359.8,5359.8,1134758,-0.074074074,-18,243
18-03-2021,5423,5545,5305,5371.85,5371.85,2339058,-0.040133779,-12,299
19-03-2021,5316,5479,5190.05,5453.25,5453.25,3220310,-0.06097561,-15,246
22-03-2021,5446.5,5497,5337,5389.35,5389.35,1938461,0.03562341,14,393
23-03-2021,5410,5445,5350,5378.8,5378.8,1849038,-0.068493151,-20,292
24-03-2021,5374,5374,5260,5270.3,5270.3,1737643,-0.10041841,-24,239
25-03-2021,5280,5300,5103.15,5122.2,5122.2,2343271,-0.082125604,-17,207
26-03-2021,5170,5248,5135,5183.05,5183.05,2347460,-0.045045045,-10,222
30-03-2021,5234.85,5260,5150,5193.55,5193.55,1845391,-0.032154341,-10,311
31-03-2021,5185,5218.8,5122.95,5149.85,5149.85,1845975,-0.004926108,-3,609
01-04-2021,5210,5288.5,5161.95,5272.15,5272.15,2148234,-0.035343035,-34,962
05-04-2021,5259,5259,4920.6,4962.5,4962.5,3739680,-0.057692308,-24,416
06-04-2021,5050,5059.45,4952.6,4993.1,4993.1,2070906,-0.027088036,-12,443
07-04-2021,4980,5109,4940,5077.1,5077.1,2402782,-0.137624861,-124,901
08-04-2021,5100,5115,5015,5029.5,5029.5,1407879,-0.076855895,-88,1145
09-04-2021,5000,5010,4845,4872.3,4872.3,2902646,-0.105527638,-42,398
12-04-2021,4740,4740,4400,4511,4511,4500046,-0.002631579,-1,380
13-04-2021,4535.1,4774.9,4514.05,4728.75,4728.75,3175019,-0.027491409,-8,291
15-04-2021,4708.1,4750,4566.1,4660.3,4660.3,2897185,0,0,281
16-04-2021,4661,4690,4590,4616.6,4616.6,2142648,-0.048951049,-14,286
19-04-2021,4450,4504,4362,4479.6,4479.6,3426507,-0.124,-31,250
20-04-2021,4563,4699,4555.2,4613.65,4613.65,3394597,-0.097222222,-21,216
22-04-2021,4550,4714,4505.75,4688.7,4688.7,2563539,-0.09009009,-20,222
23-04-2021,4621.1,4759.8,4610.5,4667.8,4667.8,2729525,-0.086486486,-16,185
26-04-2021,4690,4829,4690,4736.55,4736.55,2903989,-0.050980392,-13,255
27-04-2021,4747,4889.85,4746.55,4865.05,4865.05,2644997,-0.036423841,-11,302
28-04-2021,4915,5310,4915,5280.9,5280.9,8576454,-0.066350711,-14,211
29-04-2021,5350,5525,5330,5484.85,5484.85,7258486,-0.051282051,-8,156
30-04-2021,5350,5524.65,5327.7,5451.9,5451.9,4124888,-0.085427136,-17,199
